MUN_URI,WIKIPEDIA_LINK
"http://opendata.aragon.es/recurso/territorio/Municipio/Aísa","http://es.wikipedia.org/wiki/Aísa"
"http://opendata.aragon.es/recurso/territorio/Municipio/Abanto","http://es.wikipedia.org/wiki/Abanto"
"http://opendata.aragon.es/recurso/territorio/Municipio/Abiego","http://es.wikipedia.org/wiki/Abiego"
"http://opendata.aragon.es/recurso/territorio/Municipio/Abizanda","http://es.wikipedia.org/wiki/Abizanda"
"http://opendata.aragon.es/recurso/territorio/Municipio/Albalatillo","http://es.wikipedia.org/wiki/Albalatillo"
"http://opendata.aragon.es/recurso/territorio/Municipio/Adahuesca","http://es.wikipedia.org/wiki/Adahuesca"
"http://opendata.aragon.es/recurso/territorio/Municipio/Agüero","http://es.wikipedia.org/wiki/Agüero"
"http://opendata.aragon.es/recurso/territorio/Municipio/Albelda","http://es.wikipedia.org/wiki/Albelda"
"http://opendata.aragon.es/recurso/territorio/Municipio/Alcampell","http://es.wikipedia.org/wiki/Alcampell"
"http://opendata.aragon.es/recurso/territorio/Municipio/Alcubierre","http://es.wikipedia.org/wiki/Alcubierre"
"http://opendata.aragon.es/recurso/territorio/Municipio/Alfántega","http://es.wikipedia.org/wiki/Alfántega"
"http://opendata.aragon.es/recurso/territorio/Municipio/Alerre","http://es.wikipedia.org/wiki/Alerre"
"http://opendata.aragon.es/recurso/territorio/Municipio/Almudévar","http://es.wikipedia.org/wiki/Almudévar"
"http://opendata.aragon.es/recurso/territorio/Municipio/Almuniente","http://es.wikipedia.org/wiki/Almuniente"
"http://opendata.aragon.es/recurso/territorio/Municipio/Alquézar","http://es.wikipedia.org/wiki/Alquézar"
"http://opendata.aragon.es/recurso/territorio/Municipio/Altorricón","http://es.wikipedia.org/wiki/Altorricón"
"http://opendata.aragon.es/recurso/territorio/Municipio/Angüés","http://es.wikipedia.org/wiki/Angüés"
"http://opendata.aragon.es/recurso/territorio/Municipio/Ansó","http://es.wikipedia.org/wiki/Ansó"
"http://opendata.aragon.es/recurso/territorio/Municipio/Antillón","http://es.wikipedia.org/wiki/Antillón"
"http://opendata.aragon.es/recurso/territorio/Municipio/Arén","http://es.wikipedia.org/wiki/Arén"
"http://opendata.aragon.es/recurso/territorio/Municipio/Argavieso","http://es.wikipedia.org/wiki/Argavieso"
"http://opendata.aragon.es/recurso/territorio/Municipio/Arguis","http://es.wikipedia.org/wiki/Arguis"
"http://opendata.aragon.es/recurso/territorio/Municipio/Azanuy-Alins","http://es.wikipedia.org/wiki/Azanuy-Alins"
"http://opendata.aragon.es/recurso/territorio/Municipio/Ayerbe","http://es.wikipedia.org/wiki/Ayerbe"
"http://opendata.aragon.es/recurso/territorio/Municipio/Azara","http://es.wikipedia.org/wiki/Azara"
"http://opendata.aragon.es/recurso/territorio/Municipio/Baells","http://es.wikipedia.org/wiki/Baells"
"http://opendata.aragon.es/recurso/territorio/Municipio/Azlor","http://es.wikipedia.org/wiki/Azlor"
"http://opendata.aragon.es/recurso/territorio/Municipio/Bailo","http://es.wikipedia.org/wiki/Bailo"
"http://opendata.aragon.es/recurso/territorio/Municipio/Baldellou","http://es.wikipedia.org/wiki/Baldellou"
"http://opendata.aragon.es/recurso/territorio/Municipio/Ballobar","http://es.wikipedia.org/wiki/Ballobar"
"http://opendata.aragon.es/recurso/territorio/Municipio/Banastás","http://es.wikipedia.org/wiki/Banastás"
"http://opendata.aragon.es/recurso/territorio/Municipio/Barbastro","http://es.wikipedia.org/wiki/Barbastro"
"http://opendata.aragon.es/recurso/territorio/Municipio/Barbués","http://es.wikipedia.org/wiki/Barbués"
"http://opendata.aragon.es/recurso/territorio/Municipio/Barbuñales","http://es.wikipedia.org/wiki/Barbuñales"
"http://opendata.aragon.es/recurso/territorio/Municipio/Bárcabo","http://es.wikipedia.org/wiki/Bárcabo"
"http://opendata.aragon.es/recurso/territorio/Municipio/Benabarre","http://es.wikipedia.org/wiki/Benabarre"
"http://opendata.aragon.es/recurso/territorio/Municipio/Benasque","http://es.wikipedia.org/wiki/Benasque"
"http://opendata.aragon.es/recurso/territorio/Municipio/Berbegal","http://es.wikipedia.org/wiki/Berbegal"
"http://opendata.aragon.es/recurso/territorio/Municipio/Bielsa","http://es.wikipedia.org/wiki/Bielsa"
"http://opendata.aragon.es/recurso/territorio/Municipio/Bierge","http://es.wikipedia.org/wiki/Bierge"
"http://opendata.aragon.es/recurso/territorio/Municipio/Biescas","http://es.wikipedia.org/wiki/Biescas"
"http://opendata.aragon.es/recurso/territorio/Municipio/Binaced","http://es.wikipedia.org/wiki/Binaced"
"http://opendata.aragon.es/recurso/territorio/Municipio/Binéfar","http://es.wikipedia.org/wiki/Binéfar"
"http://opendata.aragon.es/recurso/territorio/Municipio/Bisaurri","http://es.wikipedia.org/wiki/Bisaurri"
"http://opendata.aragon.es/recurso/territorio/Municipio/Biscarrués","http://es.wikipedia.org/wiki/Biscarrués"
"http://opendata.aragon.es/recurso/territorio/Municipio/Bonansa","http://es.wikipedia.org/wiki/Bonansa"
"http://opendata.aragon.es/recurso/territorio/Municipio/Boltaña","http://es.wikipedia.org/wiki/Boltaña"
"http://opendata.aragon.es/recurso/territorio/Municipio/Camporrells","http://es.wikipedia.org/wiki/Camporrells"
"http://opendata.aragon.es/recurso/territorio/Municipio/Borau","http://es.wikipedia.org/wiki/Borau"
"http://opendata.aragon.es/recurso/territorio/Municipio/Broto","http://es.wikipedia.org/wiki/Broto"
"http://opendata.aragon.es/recurso/territorio/Municipio/Caldearenas","http://es.wikipedia.org/wiki/Caldearenas"
"http://opendata.aragon.es/recurso/territorio/Municipio/Campo","http://es.wikipedia.org/wiki/Campo"
"http://opendata.aragon.es/recurso/territorio/Municipio/Candasnos","http://es.wikipedia.org/wiki/Candasnos"
"http://opendata.aragon.es/recurso/territorio/Municipio/Canfranc","http://es.wikipedia.org/wiki/Canfranc"
"http://opendata.aragon.es/recurso/territorio/Municipio/Capdesaso","http://es.wikipedia.org/wiki/Capdesaso"
"http://opendata.aragon.es/recurso/territorio/Municipio/Capella","http://es.wikipedia.org/wiki/Capella"
"http://opendata.aragon.es/recurso/territorio/Municipio/Castelflorite","http://es.wikipedia.org/wiki/Castelflorite"
"http://opendata.aragon.es/recurso/territorio/Municipio/Castigaleu","http://es.wikipedia.org/wiki/Castigaleu"
"http://opendata.aragon.es/recurso/territorio/Municipio/Castillazuelo","http://es.wikipedia.org/wiki/Castillazuelo"
"http://opendata.aragon.es/recurso/territorio/Municipio/Castillonroy","http://es.wikipedia.org/wiki/Castillonroy"
"http://opendata.aragon.es/recurso/territorio/Municipio/Chalamera","http://es.wikipedia.org/wiki/Chalamera"
"http://opendata.aragon.es/recurso/territorio/Municipio/Colungo","http://es.wikipedia.org/wiki/Colungo"
"http://opendata.aragon.es/recurso/territorio/Municipio/Chimillas","http://es.wikipedia.org/wiki/Chimillas"
"http://opendata.aragon.es/recurso/territorio/Municipio/Estada","http://es.wikipedia.org/wiki/Estada"
"http://opendata.aragon.es/recurso/territorio/Municipio/Esplús","http://es.wikipedia.org/wiki/Esplús"
"http://opendata.aragon.es/recurso/territorio/Municipio/Fago","http://es.wikipedia.org/wiki/Fago"
"http://opendata.aragon.es/recurso/territorio/Municipio/Estadilla","http://es.wikipedia.org/wiki/Estadilla"
"http://opendata.aragon.es/recurso/territorio/Municipio/Chía","http://es.wikipedia.org/wiki/Chía"
"http://opendata.aragon.es/recurso/territorio/Municipio/Fanlo","http://es.wikipedia.org/wiki/Fanlo"
"http://opendata.aragon.es/recurso/territorio/Municipio/Fiscal","http://es.wikipedia.org/wiki/Fiscal"
"http://opendata.aragon.es/recurso/territorio/Municipio/Fonz","http://es.wikipedia.org/wiki/Fonz"
"http://opendata.aragon.es/recurso/territorio/Municipio/Gistaín","http://es.wikipedia.org/wiki/Gistaín"
"http://opendata.aragon.es/recurso/territorio/Municipio/Fraga","http://es.wikipedia.org/wiki/Fraga"
"http://opendata.aragon.es/recurso/territorio/Municipio/Grañén","http://es.wikipedia.org/wiki/Grañén"
"http://opendata.aragon.es/recurso/territorio/Municipio/Graus","http://es.wikipedia.org/wiki/Graus"
"http://opendata.aragon.es/recurso/territorio/Municipio/Huerto","http://es.wikipedia.org/wiki/Huerto"
"http://opendata.aragon.es/recurso/territorio/Municipio/Ibieca","http://es.wikipedia.org/wiki/Ibieca"
"http://opendata.aragon.es/recurso/territorio/Municipio/Igriés","http://es.wikipedia.org/wiki/Igriés"
"http://opendata.aragon.es/recurso/territorio/Municipio/Huesca","http://es.wikipedia.org/wiki/Huesca"
"http://opendata.aragon.es/recurso/territorio/Municipio/Ilche","http://es.wikipedia.org/wiki/Ilche"
"http://opendata.aragon.es/recurso/territorio/Municipio/Isábena","http://es.wikipedia.org/wiki/Isábena"
"http://opendata.aragon.es/recurso/territorio/Municipio/Jaca","http://es.wikipedia.org/wiki/Jaca"
"http://opendata.aragon.es/recurso/territorio/Municipio/Labuerda","http://es.wikipedia.org/wiki/Labuerda"
"http://opendata.aragon.es/recurso/territorio/Municipio/Jasa","http://es.wikipedia.org/wiki/Jasa"
"http://opendata.aragon.es/recurso/territorio/Municipio/Laluenga","http://es.wikipedia.org/wiki/Laluenga"
"http://opendata.aragon.es/recurso/territorio/Municipio/Lalueza","http://es.wikipedia.org/wiki/Lalueza"
"http://opendata.aragon.es/recurso/territorio/Municipio/Lanaja","http://es.wikipedia.org/wiki/Lanaja"
"http://opendata.aragon.es/recurso/territorio/Municipio/Laperdiguera","http://es.wikipedia.org/wiki/Laperdiguera"
"http://opendata.aragon.es/recurso/territorio/Municipio/Lascellas-Ponzano","http://es.wikipedia.org/wiki/Lascellas-Ponzano"
"http://opendata.aragon.es/recurso/territorio/Municipio/Loarre","http://es.wikipedia.org/wiki/Loarre"
"http://opendata.aragon.es/recurso/territorio/Municipio/Laspuña","http://es.wikipedia.org/wiki/Laspuña"
"http://opendata.aragon.es/recurso/territorio/Municipio/Lascuarre","http://es.wikipedia.org/wiki/Lascuarre"
"http://opendata.aragon.es/recurso/territorio/Municipio/Laspaúles","http://es.wikipedia.org/wiki/Laspaúles"
"http://opendata.aragon.es/recurso/territorio/Municipio/Loporzano","http://es.wikipedia.org/wiki/Loporzano"
"http://opendata.aragon.es/recurso/territorio/Municipio/Loscorrales","http://es.wikipedia.org/wiki/Loscorrales"
"http://opendata.aragon.es/recurso/territorio/Municipio/Montanuy","http://es.wikipedia.org/wiki/Montanuy"
"http://opendata.aragon.es/recurso/territorio/Municipio/Monflorite-Lascasas","http://es.wikipedia.org/wiki/Monflorite-Lascasas"
"http://opendata.aragon.es/recurso/territorio/Municipio/Monzón","http://es.wikipedia.org/wiki/Monzón"
"http://opendata.aragon.es/recurso/territorio/Municipio/Naval","http://es.wikipedia.org/wiki/Naval"
"http://opendata.aragon.es/recurso/territorio/Municipio/Novales","http://es.wikipedia.org/wiki/Novales"
"http://opendata.aragon.es/recurso/territorio/Municipio/Nueno","http://es.wikipedia.org/wiki/Nueno"
"http://opendata.aragon.es/recurso/territorio/Municipio/Olvena","http://es.wikipedia.org/wiki/Olvena"
"http://opendata.aragon.es/recurso/territorio/Municipio/Ontiñena","http://es.wikipedia.org/wiki/Ontiñena"
"http://opendata.aragon.es/recurso/territorio/Municipio/Panticosa","http://es.wikipedia.org/wiki/Panticosa"
"http://opendata.aragon.es/recurso/territorio/Municipio/Palo","http://es.wikipedia.org/wiki/Palo"
"http://opendata.aragon.es/recurso/territorio/Municipio/Peñalba","http://es.wikipedia.org/wiki/Peñalba"
"http://opendata.aragon.es/recurso/territorio/Municipio/Perarrúa","http://es.wikipedia.org/wiki/Perarrúa"
"http://opendata.aragon.es/recurso/territorio/Municipio/Pertusa","http://es.wikipedia.org/wiki/Pertusa"
"http://opendata.aragon.es/recurso/territorio/Municipio/Peraltilla","http://es.wikipedia.org/wiki/Peraltilla"
"http://opendata.aragon.es/recurso/territorio/Municipio/Piracés","http://es.wikipedia.org/wiki/Piracés"
"http://opendata.aragon.es/recurso/territorio/Municipio/Poleñino","http://es.wikipedia.org/wiki/Poleñino"
"http://opendata.aragon.es/recurso/territorio/Municipio/Plan","http://es.wikipedia.org/wiki/Plan"
"http://opendata.aragon.es/recurso/territorio/Municipio/Puértolas","http://es.wikipedia.org/wiki/Puértolas"
"http://opendata.aragon.es/recurso/territorio/Municipio/Quicena","http://es.wikipedia.org/wiki/Quicena"
"http://opendata.aragon.es/recurso/territorio/Municipio/Robres","http://es.wikipedia.org/wiki/Robres"
"http://opendata.aragon.es/recurso/territorio/Municipio/Sabiñánigo","http://es.wikipedia.org/wiki/Sabiñánigo"
"http://opendata.aragon.es/recurso/territorio/Municipio/Sahún","http://es.wikipedia.org/wiki/Sahún"
"http://opendata.aragon.es/recurso/territorio/Municipio/Salillas","http://es.wikipedia.org/wiki/Salillas"
"http://opendata.aragon.es/recurso/territorio/Municipio/Sangarrén","http://es.wikipedia.org/wiki/Sangarrén"
"http://opendata.aragon.es/recurso/territorio/Municipio/Sariñena","http://es.wikipedia.org/wiki/Sariñena"
"http://opendata.aragon.es/recurso/territorio/Municipio/Secastilla","http://es.wikipedia.org/wiki/Secastilla"
"http://opendata.aragon.es/recurso/territorio/Municipio/Seira","http://es.wikipedia.org/wiki/Seira"
"http://opendata.aragon.es/recurso/territorio/Municipio/Sena","http://es.wikipedia.org/wiki/Sena"
"http://opendata.aragon.es/recurso/territorio/Municipio/Sesué","http://es.wikipedia.org/wiki/Sesué"
"http://opendata.aragon.es/recurso/territorio/Municipio/Siétamo","http://es.wikipedia.org/wiki/Siétamo"
"http://opendata.aragon.es/recurso/territorio/Municipio/Sesa","http://es.wikipedia.org/wiki/Sesa"
"http://opendata.aragon.es/recurso/territorio/Municipio/Sopeira","http://es.wikipedia.org/wiki/Sopeira"
"http://opendata.aragon.es/recurso/territorio/Municipio/Tella-Sin","http://es.wikipedia.org/wiki/Tella-Sin"
"http://opendata.aragon.es/recurso/territorio/Municipio/Tierz","http://es.wikipedia.org/wiki/Tierz"
"http://opendata.aragon.es/recurso/territorio/Municipio/Tardienta","http://es.wikipedia.org/wiki/Tardienta"
"http://opendata.aragon.es/recurso/territorio/Municipio/Tolva","http://es.wikipedia.org/wiki/Tolva"
"http://opendata.aragon.es/recurso/territorio/Municipio/Torla","http://es.wikipedia.org/wiki/Torla"
"http://opendata.aragon.es/recurso/territorio/Municipio/Tramaced","http://es.wikipedia.org/wiki/Tramaced"
"http://opendata.aragon.es/recurso/territorio/Municipio/Valfarta","http://es.wikipedia.org/wiki/Valfarta"
"http://opendata.aragon.es/recurso/territorio/Municipio/Veracruz","http://es.wikipedia.org/wiki/Veracruz"
"http://opendata.aragon.es/recurso/territorio/Municipio/Villanova","http://es.wikipedia.org/wiki/Villanova"
"http://opendata.aragon.es/recurso/territorio/Municipio/Vicién","http://es.wikipedia.org/wiki/Vicién"
"http://opendata.aragon.es/recurso/territorio/Municipio/Villanúa","http://es.wikipedia.org/wiki/Villanúa"
"http://opendata.aragon.es/recurso/territorio/Municipio/Yésero","http://es.wikipedia.org/wiki/Yésero"
"http://opendata.aragon.es/recurso/territorio/Municipio/Zaidín","http://es.wikipedia.org/wiki/Zaidín"
"http://opendata.aragon.es/recurso/territorio/Municipio/Abejuela","http://es.wikipedia.org/wiki/Abejuela"
"http://opendata.aragon.es/recurso/territorio/Municipio/Aínsa-Sobrarbe","http://es.wikipedia.org/wiki/Aínsa-Sobrarbe"
"http://opendata.aragon.es/recurso/territorio/Municipio/Ababuj","http://es.wikipedia.org/wiki/Ababuj"
"http://opendata.aragon.es/recurso/territorio/Municipio/Vencillón","http://es.wikipedia.org/wiki/Vencillón"
"http://opendata.aragon.es/recurso/territorio/Municipio/Aguatón","http://es.wikipedia.org/wiki/Aguatón"
"http://opendata.aragon.es/recurso/territorio/Municipio/Lupiñén-Ortilla","http://es.wikipedia.org/wiki/Lupiñén-Ortilla"
"http://opendata.aragon.es/recurso/territorio/Municipio/Aguaviva","http://es.wikipedia.org/wiki/Aguaviva"
"http://opendata.aragon.es/recurso/territorio/Municipio/Alacón","http://es.wikipedia.org/wiki/Alacón"
"http://opendata.aragon.es/recurso/territorio/Municipio/Alba","http://es.wikipedia.org/wiki/Alba"
"http://opendata.aragon.es/recurso/territorio/Municipio/Albentosa","http://es.wikipedia.org/wiki/Albentosa"
"http://opendata.aragon.es/recurso/territorio/Municipio/Albarracín","http://es.wikipedia.org/wiki/Albarracín"
"http://opendata.aragon.es/recurso/territorio/Municipio/Alcorisa","http://es.wikipedia.org/wiki/Alcorisa"
"http://opendata.aragon.es/recurso/territorio/Municipio/Alcaine","http://es.wikipedia.org/wiki/Alcaine"
"http://opendata.aragon.es/recurso/territorio/Municipio/Alfambra","http://es.wikipedia.org/wiki/Alfambra"
"http://opendata.aragon.es/recurso/territorio/Municipio/Alcañiz","http://es.wikipedia.org/wiki/Alcañiz"
"http://opendata.aragon.es/recurso/territorio/Municipio/Almohaja","http://es.wikipedia.org/wiki/Almohaja"
"http://opendata.aragon.es/recurso/territorio/Municipio/Aliaga","http://es.wikipedia.org/wiki/Aliaga"
"http://opendata.aragon.es/recurso/territorio/Municipio/Alobras","http://es.wikipedia.org/wiki/Alobras"
"http://opendata.aragon.es/recurso/territorio/Municipio/Alpeñés","http://es.wikipedia.org/wiki/Alpeñés"
"http://opendata.aragon.es/recurso/territorio/Municipio/Allepuz","http://es.wikipedia.org/wiki/Allepuz"
"http://opendata.aragon.es/recurso/territorio/Municipio/Alloza","http://es.wikipedia.org/wiki/Alloza"
"http://opendata.aragon.es/recurso/territorio/Municipio/Allueva","http://es.wikipedia.org/wiki/Allueva"
"http://opendata.aragon.es/recurso/territorio/Municipio/Andorra","http://es.wikipedia.org/wiki/Andorra"
"http://opendata.aragon.es/recurso/territorio/Municipio/Anadón","http://es.wikipedia.org/wiki/Anadón"
"http://opendata.aragon.es/recurso/territorio/Municipio/Argente","http://es.wikipedia.org/wiki/Argente"
"http://opendata.aragon.es/recurso/territorio/Municipio/Azaila","http://es.wikipedia.org/wiki/Azaila"
"http://opendata.aragon.es/recurso/territorio/Municipio/Bádenas","http://es.wikipedia.org/wiki/Bádenas"
"http://opendata.aragon.es/recurso/territorio/Municipio/Báguena","http://es.wikipedia.org/wiki/Báguena"
"http://opendata.aragon.es/recurso/territorio/Municipio/Bañón","http://es.wikipedia.org/wiki/Bañón"
"http://opendata.aragon.es/recurso/territorio/Municipio/Bea","http://es.wikipedia.org/wiki/Bea"
"http://opendata.aragon.es/recurso/territorio/Municipio/Ariño","http://es.wikipedia.org/wiki/Ariño"
"http://opendata.aragon.es/recurso/territorio/Municipio/Beceite","http://es.wikipedia.org/wiki/Beceite"
"http://opendata.aragon.es/recurso/territorio/Municipio/Barrachina","http://es.wikipedia.org/wiki/Barrachina"
"http://opendata.aragon.es/recurso/territorio/Municipio/Bello","http://es.wikipedia.org/wiki/Bello"
"http://opendata.aragon.es/recurso/territorio/Municipio/Berge","http://es.wikipedia.org/wiki/Berge"
"http://opendata.aragon.es/recurso/territorio/Municipio/Blesa","http://es.wikipedia.org/wiki/Blesa"
"http://opendata.aragon.es/recurso/territorio/Municipio/Blancas","http://es.wikipedia.org/wiki/Blancas"
"http://opendata.aragon.es/recurso/territorio/Municipio/Bezas","http://es.wikipedia.org/wiki/Bezas"
"http://opendata.aragon.es/recurso/territorio/Municipio/Bordón","http://es.wikipedia.org/wiki/Bordón"
"http://opendata.aragon.es/recurso/territorio/Municipio/Bronchales","http://es.wikipedia.org/wiki/Bronchales"
"http://opendata.aragon.es/recurso/territorio/Municipio/Burbáguena","http://es.wikipedia.org/wiki/Burbáguena"
"http://opendata.aragon.es/recurso/territorio/Municipio/Bueña","http://es.wikipedia.org/wiki/Bueña"
"http://opendata.aragon.es/recurso/territorio/Municipio/Calamocha","http://es.wikipedia.org/wiki/Calamocha"
"http://opendata.aragon.es/recurso/territorio/Municipio/Calaceite","http://es.wikipedia.org/wiki/Calaceite"
"http://opendata.aragon.es/recurso/territorio/Municipio/Calomarde","http://es.wikipedia.org/wiki/Calomarde"
"http://opendata.aragon.es/recurso/territorio/Municipio/Calanda","http://es.wikipedia.org/wiki/Calanda"
"http://opendata.aragon.es/recurso/territorio/Municipio/Camañas","http://es.wikipedia.org/wiki/Camañas"
"http://opendata.aragon.es/recurso/territorio/Municipio/Caminreal","http://es.wikipedia.org/wiki/Caminreal"
"http://opendata.aragon.es/recurso/territorio/Municipio/Camarillas","http://es.wikipedia.org/wiki/Camarillas"
"http://opendata.aragon.es/recurso/territorio/Municipio/Cantavieja","http://es.wikipedia.org/wiki/Cantavieja"
"http://opendata.aragon.es/recurso/territorio/Municipio/Castelnou","http://es.wikipedia.org/wiki/Castelnou"
"http://opendata.aragon.es/recurso/territorio/Municipio/Castelserás","http://es.wikipedia.org/wiki/Castelserás"
"http://opendata.aragon.es/recurso/territorio/Municipio/Castellote","http://es.wikipedia.org/wiki/Castellote"
"http://opendata.aragon.es/recurso/territorio/Municipio/Celadas","http://es.wikipedia.org/wiki/Celadas"
"http://opendata.aragon.es/recurso/territorio/Municipio/Cedrillas","http://es.wikipedia.org/wiki/Cedrillas"
"http://opendata.aragon.es/recurso/territorio/Municipio/Cella","http://es.wikipedia.org/wiki/Cella"
"http://opendata.aragon.es/recurso/territorio/Municipio/Cosa","http://es.wikipedia.org/wiki/Cosa"
"http://opendata.aragon.es/recurso/territorio/Municipio/Corbalán","http://es.wikipedia.org/wiki/Corbalán"
"http://opendata.aragon.es/recurso/territorio/Municipio/Crivillén","http://es.wikipedia.org/wiki/Crivillén"
"http://opendata.aragon.es/recurso/territorio/Municipio/Cucalón","http://es.wikipedia.org/wiki/Cucalón"
"http://opendata.aragon.es/recurso/territorio/Municipio/Cretas","http://es.wikipedia.org/wiki/Cretas"
"http://opendata.aragon.es/recurso/territorio/Municipio/Escucha","http://es.wikipedia.org/wiki/Escucha"
"http://opendata.aragon.es/recurso/territorio/Municipio/Ejulve","http://es.wikipedia.org/wiki/Ejulve"
"http://opendata.aragon.es/recurso/territorio/Municipio/Escorihuela","http://es.wikipedia.org/wiki/Escorihuela"
"http://opendata.aragon.es/recurso/territorio/Municipio/Estercuel","http://es.wikipedia.org/wiki/Estercuel"
"http://opendata.aragon.es/recurso/territorio/Municipio/Cubla","http://es.wikipedia.org/wiki/Cubla"
"http://opendata.aragon.es/recurso/territorio/Municipio/Fonfría","http://es.wikipedia.org/wiki/Fonfría"
"http://opendata.aragon.es/recurso/territorio/Municipio/Fórnoles","http://es.wikipedia.org/wiki/Fórnoles"
"http://opendata.aragon.es/recurso/territorio/Municipio/Fortanete","http://es.wikipedia.org/wiki/Fortanete"
"http://opendata.aragon.es/recurso/territorio/Municipio/Foz-Calanda","http://es.wikipedia.org/wiki/Foz-Calanda"
"http://opendata.aragon.es/recurso/territorio/Municipio/Fuenferrada","http://es.wikipedia.org/wiki/Fuenferrada"
"http://opendata.aragon.es/recurso/territorio/Municipio/Fuentespalda","http://es.wikipedia.org/wiki/Fuentespalda"
"http://opendata.aragon.es/recurso/territorio/Municipio/Gargallo","http://es.wikipedia.org/wiki/Gargallo"
"http://opendata.aragon.es/recurso/territorio/Municipio/Galve","http://es.wikipedia.org/wiki/Galve"
"http://opendata.aragon.es/recurso/territorio/Municipio/Griegos","http://es.wikipedia.org/wiki/Griegos"
"http://opendata.aragon.es/recurso/territorio/Municipio/Guadalaviar","http://es.wikipedia.org/wiki/Guadalaviar"
"http://opendata.aragon.es/recurso/territorio/Municipio/Gúdar","http://es.wikipedia.org/wiki/Gúdar"
"http://opendata.aragon.es/recurso/territorio/Municipio/Híjar","http://es.wikipedia.org/wiki/Híjar"
"http://opendata.aragon.es/recurso/territorio/Municipio/Jabaloyas","http://es.wikipedia.org/wiki/Jabaloyas"
"http://opendata.aragon.es/recurso/territorio/Municipio/Jorcas","http://es.wikipedia.org/wiki/Jorcas"
"http://opendata.aragon.es/recurso/territorio/Municipio/Josa","http://es.wikipedia.org/wiki/Josa"
"http://opendata.aragon.es/recurso/territorio/Municipio/Jarque","http://es.wikipedia.org/wiki/Jarque"
"http://opendata.aragon.es/recurso/territorio/Municipio/Lagueruela","http://es.wikipedia.org/wiki/Lagueruela"
"http://opendata.aragon.es/recurso/territorio/Municipio/Jatiel","http://es.wikipedia.org/wiki/Jatiel"
"http://opendata.aragon.es/recurso/territorio/Municipio/Lanzuela","http://es.wikipedia.org/wiki/Lanzuela"
"http://opendata.aragon.es/recurso/territorio/Municipio/Libros","http://es.wikipedia.org/wiki/Libros"
"http://opendata.aragon.es/recurso/territorio/Municipio/Lidón","http://es.wikipedia.org/wiki/Lidón"
"http://opendata.aragon.es/recurso/territorio/Municipio/Loscos","http://es.wikipedia.org/wiki/Loscos"
"http://opendata.aragon.es/recurso/territorio/Municipio/Lledó","http://es.wikipedia.org/wiki/Lledó"
"http://opendata.aragon.es/recurso/territorio/Municipio/Maicas","http://es.wikipedia.org/wiki/Maicas"
"http://opendata.aragon.es/recurso/territorio/Municipio/Manzanera","http://es.wikipedia.org/wiki/Manzanera"
"http://opendata.aragon.es/recurso/territorio/Municipio/Mirambel","http://es.wikipedia.org/wiki/Mirambel"
"http://opendata.aragon.es/recurso/territorio/Municipio/Mazaleón","http://es.wikipedia.org/wiki/Mazaleón"
"http://opendata.aragon.es/recurso/territorio/Municipio/Molinos","http://es.wikipedia.org/wiki/Molinos"
"http://opendata.aragon.es/recurso/territorio/Municipio/Montalbán","http://es.wikipedia.org/wiki/Montalbán"
"http://opendata.aragon.es/recurso/territorio/Municipio/Monroyo","http://es.wikipedia.org/wiki/Monroyo"
"http://opendata.aragon.es/recurso/territorio/Municipio/Moscardón","http://es.wikipedia.org/wiki/Moscardón"
"http://opendata.aragon.es/recurso/territorio/Municipio/Mosqueruela","http://es.wikipedia.org/wiki/Mosqueruela"
"http://opendata.aragon.es/recurso/territorio/Municipio/Muniesa","http://es.wikipedia.org/wiki/Muniesa"
"http://opendata.aragon.es/recurso/territorio/Municipio/Nogueras","http://es.wikipedia.org/wiki/Nogueras"
"http://opendata.aragon.es/recurso/territorio/Municipio/Monterde","http://es.wikipedia.org/wiki/Monterde"
"http://opendata.aragon.es/recurso/territorio/Municipio/Obón","http://es.wikipedia.org/wiki/Obón"
"http://opendata.aragon.es/recurso/territorio/Municipio/Nogueruelas","http://es.wikipedia.org/wiki/Nogueruelas"
"http://opendata.aragon.es/recurso/territorio/Municipio/Odón","http://es.wikipedia.org/wiki/Odón"
"http://opendata.aragon.es/recurso/territorio/Municipio/Olba","http://es.wikipedia.org/wiki/Olba"
"http://opendata.aragon.es/recurso/territorio/Municipio/Oliete","http://es.wikipedia.org/wiki/Oliete"
"http://opendata.aragon.es/recurso/territorio/Municipio/Orrios","http://es.wikipedia.org/wiki/Orrios"
"http://opendata.aragon.es/recurso/territorio/Municipio/Pancrudo","http://es.wikipedia.org/wiki/Pancrudo"
"http://opendata.aragon.es/recurso/territorio/Municipio/Peracense","http://es.wikipedia.org/wiki/Peracense"
"http://opendata.aragon.es/recurso/territorio/Municipio/Peralejos","http://es.wikipedia.org/wiki/Peralejos"
"http://opendata.aragon.es/recurso/territorio/Municipio/Pitarque","http://es.wikipedia.org/wiki/Pitarque"
"http://opendata.aragon.es/recurso/territorio/Municipio/Plou","http://es.wikipedia.org/wiki/Plou"
"http://opendata.aragon.es/recurso/territorio/Municipio/Pozondón","http://es.wikipedia.org/wiki/Pozondón"
"http://opendata.aragon.es/recurso/territorio/Municipio/Ráfales","http://es.wikipedia.org/wiki/Ráfales"
"http://opendata.aragon.es/recurso/territorio/Municipio/Puertomingalvo","http://es.wikipedia.org/wiki/Puertomingalvo"
"http://opendata.aragon.es/recurso/territorio/Municipio/Riodeva","http://es.wikipedia.org/wiki/Riodeva"
"http://opendata.aragon.es/recurso/territorio/Municipio/Rillo","http://es.wikipedia.org/wiki/Rillo"
"http://opendata.aragon.es/recurso/territorio/Municipio/Ródenas","http://es.wikipedia.org/wiki/Ródenas"
"http://opendata.aragon.es/recurso/territorio/Municipio/Royuela","http://es.wikipedia.org/wiki/Royuela"
"http://opendata.aragon.es/recurso/territorio/Municipio/Rubiales","http://es.wikipedia.org/wiki/Rubiales"
"http://opendata.aragon.es/recurso/territorio/Municipio/Salcedillo","http://es.wikipedia.org/wiki/Salcedillo"
"http://opendata.aragon.es/recurso/territorio/Municipio/Saldón","http://es.wikipedia.org/wiki/Saldón"
"http://opendata.aragon.es/recurso/territorio/Municipio/Sarrión","http://es.wikipedia.org/wiki/Sarrión"
"http://opendata.aragon.es/recurso/territorio/Municipio/Seno","http://es.wikipedia.org/wiki/Seno"
"http://opendata.aragon.es/recurso/territorio/Municipio/Singra","http://es.wikipedia.org/wiki/Singra"
"http://opendata.aragon.es/recurso/territorio/Municipio/Terriente","http://es.wikipedia.org/wiki/Terriente"
"http://opendata.aragon.es/recurso/territorio/Municipio/Teruel","http://es.wikipedia.org/wiki/Teruel"
"http://opendata.aragon.es/recurso/territorio/Municipio/Tormón","http://es.wikipedia.org/wiki/Tormón"
"http://opendata.aragon.es/recurso/territorio/Municipio/Tornos","http://es.wikipedia.org/wiki/Tornos"
"http://opendata.aragon.es/recurso/territorio/Municipio/Torrelacárcel","http://es.wikipedia.org/wiki/Torrelacárcel"
"http://opendata.aragon.es/recurso/territorio/Municipio/Torrevelilla","http://es.wikipedia.org/wiki/Torrevelilla"
"http://opendata.aragon.es/recurso/territorio/Municipio/Torrijas","http://es.wikipedia.org/wiki/Torrijas"
"http://opendata.aragon.es/recurso/territorio/Municipio/Tramacastiel","http://es.wikipedia.org/wiki/Tramacastiel"
"http://opendata.aragon.es/recurso/territorio/Municipio/Tronchón","http://es.wikipedia.org/wiki/Tronchón"
"http://opendata.aragon.es/recurso/territorio/Municipio/Tramacastilla","http://es.wikipedia.org/wiki/Tramacastilla"
"http://opendata.aragon.es/recurso/territorio/Municipio/Utrillas","http://es.wikipedia.org/wiki/Utrillas"
"http://opendata.aragon.es/recurso/territorio/Municipio/Valacloche","http://es.wikipedia.org/wiki/Valacloche"
"http://opendata.aragon.es/recurso/territorio/Municipio/Valbona","http://es.wikipedia.org/wiki/Valbona"
"http://opendata.aragon.es/recurso/territorio/Municipio/Valdealgorfa","http://es.wikipedia.org/wiki/Valdealgorfa"
"http://opendata.aragon.es/recurso/territorio/Municipio/Valdecuenca","http://es.wikipedia.org/wiki/Valdecuenca"
"http://opendata.aragon.es/recurso/territorio/Municipio/Valdeltormo","http://es.wikipedia.org/wiki/Valdeltormo"
"http://opendata.aragon.es/recurso/territorio/Municipio/Valdelinares","http://es.wikipedia.org/wiki/Valdelinares"
"http://opendata.aragon.es/recurso/territorio/Municipio/Valjunquera","http://es.wikipedia.org/wiki/Valjunquera"
"http://opendata.aragon.es/recurso/territorio/Municipio/Valderrobres","http://es.wikipedia.org/wiki/Valderrobres"
"http://opendata.aragon.es/recurso/territorio/Municipio/Villarluengo","http://es.wikipedia.org/wiki/Villarluengo"
"http://opendata.aragon.es/recurso/territorio/Municipio/Villarquemado","http://es.wikipedia.org/wiki/Villarquemado"
"http://opendata.aragon.es/recurso/territorio/Municipio/Villel","http://es.wikipedia.org/wiki/Villel"
"http://opendata.aragon.es/recurso/territorio/Municipio/Vinaceite","http://es.wikipedia.org/wiki/Vinaceite"
"http://opendata.aragon.es/recurso/territorio/Municipio/Visiedo","http://es.wikipedia.org/wiki/Visiedo"
"http://opendata.aragon.es/recurso/territorio/Municipio/Villastar","http://es.wikipedia.org/wiki/Villastar"
"http://opendata.aragon.es/recurso/territorio/Municipio/Acered","http://es.wikipedia.org/wiki/Acered"
"http://opendata.aragon.es/recurso/territorio/Municipio/Agón","http://es.wikipedia.org/wiki/Agón"
"http://opendata.aragon.es/recurso/territorio/Municipio/Aguilón","http://es.wikipedia.org/wiki/Aguilón"
"http://opendata.aragon.es/recurso/territorio/Municipio/Aguarón","http://es.wikipedia.org/wiki/Aguarón"
"http://opendata.aragon.es/recurso/territorio/Municipio/Aladrén","http://es.wikipedia.org/wiki/Aladrén"
"http://opendata.aragon.es/recurso/territorio/Municipio/Ainzón","http://es.wikipedia.org/wiki/Ainzón"
"http://opendata.aragon.es/recurso/territorio/Municipio/Alarba","http://es.wikipedia.org/wiki/Alarba"
"http://opendata.aragon.es/recurso/territorio/Municipio/Alagón","http://es.wikipedia.org/wiki/Alagón"
"http://opendata.aragon.es/recurso/territorio/Municipio/Albeta","http://es.wikipedia.org/wiki/Albeta"
"http://opendata.aragon.es/recurso/territorio/Municipio/Alborge","http://es.wikipedia.org/wiki/Alborge"
"http://opendata.aragon.es/recurso/territorio/Municipio/Alfajarín","http://es.wikipedia.org/wiki/Alfajarín"
"http://opendata.aragon.es/recurso/territorio/Municipio/Alfamén","http://es.wikipedia.org/wiki/Alfamén"
"http://opendata.aragon.es/recurso/territorio/Municipio/Almochuel","http://es.wikipedia.org/wiki/Almochuel"
"http://opendata.aragon.es/recurso/territorio/Municipio/Alforque","http://es.wikipedia.org/wiki/Alforque"
"http://opendata.aragon.es/recurso/territorio/Municipio/Ambel","http://es.wikipedia.org/wiki/Ambel"
"http://opendata.aragon.es/recurso/territorio/Municipio/Alpartir","http://es.wikipedia.org/wiki/Alpartir"
"http://opendata.aragon.es/recurso/territorio/Municipio/Anento","http://es.wikipedia.org/wiki/Anento"
"http://opendata.aragon.es/recurso/territorio/Municipio/Aniñón","http://es.wikipedia.org/wiki/Aniñón"
"http://opendata.aragon.es/recurso/territorio/Municipio/Arándiga","http://es.wikipedia.org/wiki/Arándiga"
"http://opendata.aragon.es/recurso/territorio/Municipio/Ardisa","http://es.wikipedia.org/wiki/Ardisa"
"http://opendata.aragon.es/recurso/territorio/Municipio/Ariza","http://es.wikipedia.org/wiki/Ariza"
"http://opendata.aragon.es/recurso/territorio/Municipio/Asín","http://es.wikipedia.org/wiki/Asín"
"http://opendata.aragon.es/recurso/territorio/Municipio/Artieda","http://es.wikipedia.org/wiki/Artieda"
"http://opendata.aragon.es/recurso/territorio/Municipio/Atea","http://es.wikipedia.org/wiki/Atea"
"http://opendata.aragon.es/recurso/territorio/Municipio/Ateca","http://es.wikipedia.org/wiki/Ateca"
"http://opendata.aragon.es/recurso/territorio/Municipio/Badules","http://es.wikipedia.org/wiki/Badules"
"http://opendata.aragon.es/recurso/territorio/Municipio/Bagüés","http://es.wikipedia.org/wiki/Bagüés"
"http://opendata.aragon.es/recurso/territorio/Municipio/Azuara","http://es.wikipedia.org/wiki/Azuara"
"http://opendata.aragon.es/recurso/territorio/Municipio/Balconchán","http://es.wikipedia.org/wiki/Balconchán"
"http://opendata.aragon.es/recurso/territorio/Municipio/Bárboles","http://es.wikipedia.org/wiki/Bárboles"
"http://opendata.aragon.es/recurso/territorio/Municipio/Bardallur","http://es.wikipedia.org/wiki/Bardallur"
"http://opendata.aragon.es/recurso/territorio/Municipio/Belchite","http://es.wikipedia.org/wiki/Belchite"
"http://opendata.aragon.es/recurso/territorio/Municipio/Berdejo","http://es.wikipedia.org/wiki/Berdejo"
"http://opendata.aragon.es/recurso/territorio/Municipio/Berrueco","http://es.wikipedia.org/wiki/Berrueco"
"http://opendata.aragon.es/recurso/territorio/Municipio/Bijuesca","http://es.wikipedia.org/wiki/Bijuesca"
"http://opendata.aragon.es/recurso/territorio/Municipio/Biota","http://es.wikipedia.org/wiki/Biota"
"http://opendata.aragon.es/recurso/territorio/Municipio/Bisimbre","http://es.wikipedia.org/wiki/Bisimbre"
"http://opendata.aragon.es/recurso/territorio/Municipio/Boquiñeni","http://es.wikipedia.org/wiki/Boquiñeni"
"http://opendata.aragon.es/recurso/territorio/Municipio/Bordalba","http://es.wikipedia.org/wiki/Bordalba"
"http://opendata.aragon.es/recurso/territorio/Municipio/Borja","http://es.wikipedia.org/wiki/Borja"
"http://opendata.aragon.es/recurso/territorio/Municipio/Botorrita","http://es.wikipedia.org/wiki/Botorrita"
"http://opendata.aragon.es/recurso/territorio/Municipio/Bubierca","http://es.wikipedia.org/wiki/Bubierca"
"http://opendata.aragon.es/recurso/territorio/Municipio/Bujaraloz","http://es.wikipedia.org/wiki/Bujaraloz"
"http://opendata.aragon.es/recurso/territorio/Municipio/Bulbuente","http://es.wikipedia.org/wiki/Bulbuente"
"http://opendata.aragon.es/recurso/territorio/Municipio/Bureta","http://es.wikipedia.org/wiki/Bureta"
"http://opendata.aragon.es/recurso/territorio/Municipio/Cadrete","http://es.wikipedia.org/wiki/Cadrete"
"http://opendata.aragon.es/recurso/territorio/Municipio/Cabolafuente","http://es.wikipedia.org/wiki/Cabolafuente"
"http://opendata.aragon.es/recurso/territorio/Municipio/Calatayud","http://es.wikipedia.org/wiki/Calatayud"
"http://opendata.aragon.es/recurso/territorio/Municipio/Calcena","http://es.wikipedia.org/wiki/Calcena"
"http://opendata.aragon.es/recurso/territorio/Municipio/Calatorao","http://es.wikipedia.org/wiki/Calatorao"
"http://opendata.aragon.es/recurso/territorio/Municipio/Caspe","http://es.wikipedia.org/wiki/Caspe"
"http://opendata.aragon.es/recurso/territorio/Municipio/Castiliscar","http://es.wikipedia.org/wiki/Castiliscar"
"http://opendata.aragon.es/recurso/territorio/Municipio/Carenas","http://es.wikipedia.org/wiki/Carenas"
"http://opendata.aragon.es/recurso/territorio/Municipio/Cariñena","http://es.wikipedia.org/wiki/Cariñena"
"http://opendata.aragon.es/recurso/territorio/Municipio/Calmarza","http://es.wikipedia.org/wiki/Calmarza"
"http://opendata.aragon.es/recurso/territorio/Municipio/Cerveruela","http://es.wikipedia.org/wiki/Cerveruela"
"http://opendata.aragon.es/recurso/territorio/Municipio/Cetina","http://es.wikipedia.org/wiki/Cetina"
"http://opendata.aragon.es/recurso/territorio/Municipio/Cimballa","http://es.wikipedia.org/wiki/Cimballa"
"http://opendata.aragon.es/recurso/territorio/Municipio/Codo","http://es.wikipedia.org/wiki/Codo"
"http://opendata.aragon.es/recurso/territorio/Municipio/Codos","http://es.wikipedia.org/wiki/Codos"
"http://opendata.aragon.es/recurso/territorio/Municipio/Contamina","http://es.wikipedia.org/wiki/Contamina"
"http://opendata.aragon.es/recurso/territorio/Municipio/Cosuenda","http://es.wikipedia.org/wiki/Cosuenda"
"http://opendata.aragon.es/recurso/territorio/Municipio/Cubel","http://es.wikipedia.org/wiki/Cubel"
"http://opendata.aragon.es/recurso/territorio/Municipio/Chodes","http://es.wikipedia.org/wiki/Chodes"
"http://opendata.aragon.es/recurso/territorio/Municipio/Daroca","http://es.wikipedia.org/wiki/Daroca"
"http://opendata.aragon.es/recurso/territorio/Municipio/Chiprana","http://es.wikipedia.org/wiki/Chiprana"
"http://opendata.aragon.es/recurso/territorio/Municipio/Encinacorba","http://es.wikipedia.org/wiki/Encinacorba"
"http://opendata.aragon.es/recurso/territorio/Municipio/Erla","http://es.wikipedia.org/wiki/Erla"
"http://opendata.aragon.es/recurso/territorio/Municipio/Escatrón","http://es.wikipedia.org/wiki/Escatrón"
"http://opendata.aragon.es/recurso/territorio/Municipio/Fabara","http://es.wikipedia.org/wiki/Fabara"
"http://opendata.aragon.es/recurso/territorio/Municipio/Farlete","http://es.wikipedia.org/wiki/Farlete"
"http://opendata.aragon.es/recurso/territorio/Municipio/Épila","http://es.wikipedia.org/wiki/Épila"
"http://opendata.aragon.es/recurso/territorio/Municipio/Fayón","http://es.wikipedia.org/wiki/Fayón"
"http://opendata.aragon.es/recurso/territorio/Municipio/Figueruelas","http://es.wikipedia.org/wiki/Figueruelas"
"http://opendata.aragon.es/recurso/territorio/Municipio/Fombuena","http://es.wikipedia.org/wiki/Fombuena"
"http://opendata.aragon.es/recurso/territorio/Municipio/Fréscano","http://es.wikipedia.org/wiki/Fréscano"
"http://opendata.aragon.es/recurso/territorio/Municipio/Fuendejalón","http://es.wikipedia.org/wiki/Fuendejalón"
"http://opendata.aragon.es/recurso/territorio/Municipio/Fuendetodos","http://es.wikipedia.org/wiki/Fuendetodos"
"http://opendata.aragon.es/recurso/territorio/Municipio/Gallocanta","http://es.wikipedia.org/wiki/Gallocanta"
"http://opendata.aragon.es/recurso/territorio/Municipio/Godojos","http://es.wikipedia.org/wiki/Godojos"
"http://opendata.aragon.es/recurso/territorio/Municipio/Gelsa","http://es.wikipedia.org/wiki/Gelsa"
"http://opendata.aragon.es/recurso/territorio/Municipio/Gotor","http://es.wikipedia.org/wiki/Gotor"
"http://opendata.aragon.es/recurso/territorio/Municipio/Grisel","http://es.wikipedia.org/wiki/Grisel"
"http://opendata.aragon.es/recurso/territorio/Municipio/Grisén","http://es.wikipedia.org/wiki/Grisén"
"http://opendata.aragon.es/recurso/territorio/Municipio/Gallur","http://es.wikipedia.org/wiki/Gallur"
"http://opendata.aragon.es/recurso/territorio/Municipio/Ibdes","http://es.wikipedia.org/wiki/Ibdes"
"http://opendata.aragon.es/recurso/territorio/Municipio/Illueca","http://es.wikipedia.org/wiki/Illueca"
"http://opendata.aragon.es/recurso/territorio/Municipio/Isuerre","http://es.wikipedia.org/wiki/Isuerre"
"http://opendata.aragon.es/recurso/territorio/Municipio/Jaulín","http://es.wikipedia.org/wiki/Jaulín"
"http://opendata.aragon.es/recurso/territorio/Municipio/Jaraba","http://es.wikipedia.org/wiki/Jaraba"
"http://opendata.aragon.es/recurso/territorio/Municipio/Lagata","http://es.wikipedia.org/wiki/Lagata"
"http://opendata.aragon.es/recurso/territorio/Municipio/Layana","http://es.wikipedia.org/wiki/Layana"
"http://opendata.aragon.es/recurso/territorio/Municipio/Leciñena","http://es.wikipedia.org/wiki/Leciñena"
"http://opendata.aragon.es/recurso/territorio/Municipio/Lechón","http://es.wikipedia.org/wiki/Lechón"
"http://opendata.aragon.es/recurso/territorio/Municipio/Lituénigo","http://es.wikipedia.org/wiki/Lituénigo"
"http://opendata.aragon.es/recurso/territorio/Municipio/Letux","http://es.wikipedia.org/wiki/Letux"
"http://opendata.aragon.es/recurso/territorio/Municipio/Lécera","http://es.wikipedia.org/wiki/Lécera"
"http://opendata.aragon.es/recurso/territorio/Municipio/Longás","http://es.wikipedia.org/wiki/Longás"
"http://opendata.aragon.es/recurso/territorio/Municipio/Luesma","http://es.wikipedia.org/wiki/Luesma"
"http://opendata.aragon.es/recurso/territorio/Municipio/Luesia","http://es.wikipedia.org/wiki/Luesia"
"http://opendata.aragon.es/recurso/territorio/Municipio/Lumpiaque","http://es.wikipedia.org/wiki/Lumpiaque"
"http://opendata.aragon.es/recurso/territorio/Municipio/Longares","http://es.wikipedia.org/wiki/Longares"
"http://opendata.aragon.es/recurso/territorio/Municipio/Luna","http://es.wikipedia.org/wiki/Luna"
"http://opendata.aragon.es/recurso/territorio/Municipio/Litago","http://es.wikipedia.org/wiki/Litago"
"http://opendata.aragon.es/recurso/territorio/Municipio/Maella","http://es.wikipedia.org/wiki/Maella"
"http://opendata.aragon.es/recurso/territorio/Municipio/Luceni","http://es.wikipedia.org/wiki/Luceni"
"http://opendata.aragon.es/recurso/territorio/Municipio/Magallón","http://es.wikipedia.org/wiki/Magallón"
"http://opendata.aragon.es/recurso/territorio/Municipio/Mainar","http://es.wikipedia.org/wiki/Mainar"
"http://opendata.aragon.es/recurso/territorio/Municipio/Maleján","http://es.wikipedia.org/wiki/Maleján"
"http://opendata.aragon.es/recurso/territorio/Municipio/Malanquilla","http://es.wikipedia.org/wiki/Malanquilla"
"http://opendata.aragon.es/recurso/territorio/Municipio/Malón","http://es.wikipedia.org/wiki/Malón"
"http://opendata.aragon.es/recurso/territorio/Municipio/Maluenda","http://es.wikipedia.org/wiki/Maluenda"
"http://opendata.aragon.es/recurso/territorio/Municipio/Mallén","http://es.wikipedia.org/wiki/Mallén"
"http://opendata.aragon.es/recurso/territorio/Municipio/Manchones","http://es.wikipedia.org/wiki/Manchones"
"http://opendata.aragon.es/recurso/territorio/Municipio/Mara","http://es.wikipedia.org/wiki/Mara"
"http://opendata.aragon.es/recurso/territorio/Municipio/Mezalocha","http://es.wikipedia.org/wiki/Mezalocha"
"http://opendata.aragon.es/recurso/territorio/Municipio/Mequinenza","http://es.wikipedia.org/wiki/Mequinenza"
"http://opendata.aragon.es/recurso/territorio/Municipio/Mianos","http://es.wikipedia.org/wiki/Mianos"
"http://opendata.aragon.es/recurso/territorio/Municipio/Monegrillo","http://es.wikipedia.org/wiki/Monegrillo"
"http://opendata.aragon.es/recurso/territorio/Municipio/Moneva","http://es.wikipedia.org/wiki/Moneva"
"http://opendata.aragon.es/recurso/territorio/Municipio/Montón","http://es.wikipedia.org/wiki/Montón"
"http://opendata.aragon.es/recurso/territorio/Municipio/Morés","http://es.wikipedia.org/wiki/Morés"
"http://opendata.aragon.es/recurso/territorio/Municipio/Mozota","http://es.wikipedia.org/wiki/Mozota"
"http://opendata.aragon.es/recurso/territorio/Municipio/Moyuela","http://es.wikipedia.org/wiki/Moyuela"
"http://opendata.aragon.es/recurso/territorio/Municipio/Muel","http://es.wikipedia.org/wiki/Muel"
"http://opendata.aragon.es/recurso/territorio/Municipio/Moros","http://es.wikipedia.org/wiki/Moros"
"http://opendata.aragon.es/recurso/territorio/Municipio/Murero","http://es.wikipedia.org/wiki/Murero"
"http://opendata.aragon.es/recurso/territorio/Municipio/Munébrega","http://es.wikipedia.org/wiki/Munébrega"
"http://opendata.aragon.es/recurso/territorio/Municipio/Navardún","http://es.wikipedia.org/wiki/Navardún"
"http://opendata.aragon.es/recurso/territorio/Municipio/Nigüella","http://es.wikipedia.org/wiki/Nigüella"
"http://opendata.aragon.es/recurso/territorio/Municipio/Nombrevilla","http://es.wikipedia.org/wiki/Nombrevilla"
"http://opendata.aragon.es/recurso/territorio/Municipio/Nonaspe","http://es.wikipedia.org/wiki/Nonaspe"
"http://opendata.aragon.es/recurso/territorio/Municipio/Novillas","http://es.wikipedia.org/wiki/Novillas"
"http://opendata.aragon.es/recurso/territorio/Municipio/Novallas","http://es.wikipedia.org/wiki/Novallas"
"http://opendata.aragon.es/recurso/territorio/Municipio/Nuévalos","http://es.wikipedia.org/wiki/Nuévalos"
"http://opendata.aragon.es/recurso/territorio/Municipio/Olvés","http://es.wikipedia.org/wiki/Olvés"
"http://opendata.aragon.es/recurso/territorio/Municipio/Orcajo","http://es.wikipedia.org/wiki/Orcajo"
"http://opendata.aragon.es/recurso/territorio/Municipio/Orera","http://es.wikipedia.org/wiki/Orera"
"http://opendata.aragon.es/recurso/territorio/Municipio/Orés","http://es.wikipedia.org/wiki/Orés"
"http://opendata.aragon.es/recurso/territorio/Municipio/Oseja","http://es.wikipedia.org/wiki/Oseja"
"http://opendata.aragon.es/recurso/territorio/Municipio/Paniza","http://es.wikipedia.org/wiki/Paniza"
"http://opendata.aragon.es/recurso/territorio/Municipio/Pastriz","http://es.wikipedia.org/wiki/Pastriz"
"http://opendata.aragon.es/recurso/territorio/Municipio/Pedrola","http://es.wikipedia.org/wiki/Pedrola"
"http://opendata.aragon.es/recurso/territorio/Municipio/Piedratajada","http://es.wikipedia.org/wiki/Piedratajada"
"http://opendata.aragon.es/recurso/territorio/Municipio/Perdiguera","http://es.wikipedia.org/wiki/Perdiguera"
"http://opendata.aragon.es/recurso/territorio/Municipio/Pinseque","http://es.wikipedia.org/wiki/Pinseque"
"http://opendata.aragon.es/recurso/territorio/Municipio/Plenas","http://es.wikipedia.org/wiki/Plenas"
"http://opendata.aragon.es/recurso/territorio/Municipio/Pleitas","http://es.wikipedia.org/wiki/Pleitas"
"http://opendata.aragon.es/recurso/territorio/Municipio/Pomer","http://es.wikipedia.org/wiki/Pomer"
"http://opendata.aragon.es/recurso/territorio/Municipio/Purujosa","http://es.wikipedia.org/wiki/Purujosa"
"http://opendata.aragon.es/recurso/territorio/Municipio/Quinto","http://es.wikipedia.org/wiki/Quinto"
"http://opendata.aragon.es/recurso/territorio/Municipio/Puendeluna","http://es.wikipedia.org/wiki/Puendeluna"
"http://opendata.aragon.es/recurso/territorio/Municipio/Remolinos","http://es.wikipedia.org/wiki/Remolinos"
"http://opendata.aragon.es/recurso/territorio/Municipio/Retascón","http://es.wikipedia.org/wiki/Retascón"
"http://opendata.aragon.es/recurso/territorio/Municipio/Ricla","http://es.wikipedia.org/wiki/Ricla"
"http://opendata.aragon.es/recurso/territorio/Municipio/Romanos","http://es.wikipedia.org/wiki/Romanos"
"http://opendata.aragon.es/recurso/territorio/Municipio/Ruesca","http://es.wikipedia.org/wiki/Ruesca"
"http://opendata.aragon.es/recurso/territorio/Municipio/Santed","http://es.wikipedia.org/wiki/Santed"
"http://opendata.aragon.es/recurso/territorio/Municipio/Saviñán","http://es.wikipedia.org/wiki/Saviñán"
"http://opendata.aragon.es/recurso/territorio/Municipio/Sádaba","http://es.wikipedia.org/wiki/Sádaba"
"http://opendata.aragon.es/recurso/territorio/Municipio/Sediles","http://es.wikipedia.org/wiki/Sediles"
"http://opendata.aragon.es/recurso/territorio/Municipio/Sástago","http://es.wikipedia.org/wiki/Sástago"
"http://opendata.aragon.es/recurso/territorio/Municipio/Sestrica","http://es.wikipedia.org/wiki/Sestrica"
"http://opendata.aragon.es/recurso/territorio/Municipio/Sisamón","http://es.wikipedia.org/wiki/Sisamón"
"http://opendata.aragon.es/recurso/territorio/Municipio/Sobradiel","http://es.wikipedia.org/wiki/Sobradiel"
"http://opendata.aragon.es/recurso/territorio/Municipio/Sigüés","http://es.wikipedia.org/wiki/Sigüés"
"http://opendata.aragon.es/recurso/territorio/Municipio/Tabuenca","http://es.wikipedia.org/wiki/Tabuenca"
"http://opendata.aragon.es/recurso/territorio/Municipio/Tarazona","http://es.wikipedia.org/wiki/Tarazona"
"http://opendata.aragon.es/recurso/territorio/Municipio/Tauste","http://es.wikipedia.org/wiki/Tauste"
"http://opendata.aragon.es/recurso/territorio/Municipio/Tierga","http://es.wikipedia.org/wiki/Tierga"
"http://opendata.aragon.es/recurso/territorio/Municipio/Terrer","http://es.wikipedia.org/wiki/Terrer"
"http://opendata.aragon.es/recurso/territorio/Municipio/Tobed","http://es.wikipedia.org/wiki/Tobed"
"http://opendata.aragon.es/recurso/territorio/Municipio/Talamantes","http://es.wikipedia.org/wiki/Talamantes"
"http://opendata.aragon.es/recurso/territorio/Municipio/Torralbilla","http://es.wikipedia.org/wiki/Torralbilla"
"http://opendata.aragon.es/recurso/territorio/Municipio/Torrehermosa","http://es.wikipedia.org/wiki/Torrehermosa"
"http://opendata.aragon.es/recurso/territorio/Municipio/Torrelapaja","http://es.wikipedia.org/wiki/Torrelapaja"
"http://opendata.aragon.es/recurso/territorio/Municipio/Torrellas","http://es.wikipedia.org/wiki/Torrellas"
"http://opendata.aragon.es/recurso/territorio/Municipio/Tosos","http://es.wikipedia.org/wiki/Tosos"
"http://opendata.aragon.es/recurso/territorio/Municipio/Trasmoz","http://es.wikipedia.org/wiki/Trasmoz"
"http://opendata.aragon.es/recurso/territorio/Municipio/Uncastillo","http://es.wikipedia.org/wiki/Uncastillo"
"http://opendata.aragon.es/recurso/territorio/Municipio/Used","http://es.wikipedia.org/wiki/Used"
"http://opendata.aragon.es/recurso/territorio/Municipio/Urriés","http://es.wikipedia.org/wiki/Urriés"
"http://opendata.aragon.es/recurso/territorio/Municipio/Utebo","http://es.wikipedia.org/wiki/Utebo"
"http://opendata.aragon.es/recurso/territorio/Municipio/Trasobares","http://es.wikipedia.org/wiki/Trasobares"
"http://opendata.aragon.es/recurso/territorio/Municipio/Valdehorna","http://es.wikipedia.org/wiki/Valdehorna"
"http://opendata.aragon.es/recurso/territorio/Municipio/Valmadrid","http://es.wikipedia.org/wiki/Valmadrid"
"http://opendata.aragon.es/recurso/territorio/Municipio/Valpalmas","http://es.wikipedia.org/wiki/Valpalmas"
"http://opendata.aragon.es/recurso/territorio/Municipio/Valtorres","http://es.wikipedia.org/wiki/Valtorres"
"http://opendata.aragon.es/recurso/territorio/Municipio/Vierlas","http://es.wikipedia.org/wiki/Vierlas"
"http://opendata.aragon.es/recurso/territorio/Municipio/Villadoz","http://es.wikipedia.org/wiki/Villadoz"
"http://opendata.aragon.es/recurso/territorio/Municipio/Villafeliche","http://es.wikipedia.org/wiki/Villafeliche"
"http://opendata.aragon.es/recurso/territorio/Municipio/Vistabella","http://es.wikipedia.org/wiki/Vistabella"
"http://opendata.aragon.es/recurso/territorio/Municipio/Villalengua","http://es.wikipedia.org/wiki/Villalengua"
"http://opendata.aragon.es/recurso/territorio/Municipio/Zaragoza","http://es.wikipedia.org/wiki/Zaragoza"
"http://opendata.aragon.es/recurso/territorio/Municipio/Marracos","http://es.wikipedia.org/wiki/Marracos"
"http://opendata.aragon.es/recurso/territorio/Municipio/Biel","http://es.wikipedia.org/wiki/Biel"
"http://opendata.aragon.es/recurso/territorio/Municipio/Zuera","http://es.wikipedia.org/wiki/Zuera"
"http://opendata.aragon.es/recurso/territorio/Municipio/Alberite_de_San_Juan","http://es.wikipedia.org/wiki/Alberite_de_San_Juan"
"http://opendata.aragon.es/recurso/territorio/Municipio/Alcalá_de_Ebro","http://es.wikipedia.org/wiki/Alcalá_de_Ebro"
"http://opendata.aragon.es/recurso/territorio/Municipio/Alcalá_de_Moncayo","http://es.wikipedia.org/wiki/Alcalá_de_Moncayo"
"http://opendata.aragon.es/recurso/territorio/Municipio/Alconchel_de_Ariza","http://es.wikipedia.org/wiki/Alconchel_de_Ariza"
"http://opendata.aragon.es/recurso/territorio/Municipio/Aguilar_del_Alfambra","http://es.wikipedia.org/wiki/Aguilar_del_Alfambra"
"http://opendata.aragon.es/recurso/territorio/Municipio/Albalate_del_Arzobispo","http://es.wikipedia.org/wiki/Albalate_del_Arzobispo"
"http://opendata.aragon.es/recurso/territorio/Municipio/Aldehuela_de_Liestos","http://es.wikipedia.org/wiki/Aldehuela_de_Liestos"
"http://opendata.aragon.es/recurso/territorio/Municipio/Alhama_de_Aragón","http://es.wikipedia.org/wiki/Alhama_de_Aragón"
"http://opendata.aragon.es/recurso/territorio/Municipio/Alcalá_de_la_Selva","http://es.wikipedia.org/wiki/Alcalá_de_la_Selva"
"http://opendata.aragon.es/recurso/territorio/Municipio/Almolda_(La)","http://es.wikipedia.org/wiki/La_Almolda"
"http://opendata.aragon.es/recurso/territorio/Municipio/Almonacid_de_la_Sierra","http://es.wikipedia.org/wiki/Almonacid_de_la_Sierra"
"http://opendata.aragon.es/recurso/territorio/Municipio/Almonacid_de_la_Cuba","http://es.wikipedia.org/wiki/Almonacid_de_la_Cuba"
"http://opendata.aragon.es/recurso/territorio/Municipio/Albalate_de_Cinca","http://es.wikipedia.org/wiki/Albalate_de_Cinca"
"http://opendata.aragon.es/recurso/territorio/Municipio/Almunia_de_Doña_Godina_(La)","http://es.wikipedia.org/wiki/La_Almunia_de_Doña_Godina"
"http://opendata.aragon.es/recurso/territorio/Municipio/Añón_de_Moncayo","http://es.wikipedia.org/wiki/Añón_de_Moncayo"
"http://opendata.aragon.es/recurso/territorio/Municipio/Albero_Alto","http://es.wikipedia.org/wiki/Albero_Alto"
"http://opendata.aragon.es/recurso/territorio/Municipio/Albero_Bajo","http://es.wikipedia.org/wiki/Albero_Bajo"
"http://opendata.aragon.es/recurso/territorio/Municipio/Alberuela_de_Tubo","http://es.wikipedia.org/wiki/Alberuela_de_Tubo"
"http://opendata.aragon.es/recurso/territorio/Municipio/Alcalá_de_Gurrea","http://es.wikipedia.org/wiki/Alcalá_de_Gurrea"
"http://opendata.aragon.es/recurso/territorio/Municipio/Alcalá_del_Obispo","http://es.wikipedia.org/wiki/Alcalá_del_Obispo"
"http://opendata.aragon.es/recurso/territorio/Municipio/Arcos_de_las_Salinas","http://es.wikipedia.org/wiki/Arcos_de_las_Salinas"
"http://opendata.aragon.es/recurso/territorio/Municipio/Alcolea_de_Cinca","http://es.wikipedia.org/wiki/Alcolea_de_Cinca"
"http://opendata.aragon.es/recurso/territorio/Municipio/Arens_de_Lledó","http://es.wikipedia.org/wiki/Arens_de_Lledó"
"http://opendata.aragon.es/recurso/territorio/Municipio/Almunia_de_San_Juan","http://es.wikipedia.org/wiki/Almunia_de_San_Juan"
"http://opendata.aragon.es/recurso/territorio/Municipio/Belmonte_de_San_José","http://es.wikipedia.org/wiki/Belmonte_de_San_José"
"http://opendata.aragon.es/recurso/territorio/Municipio/Belmonte_de_Gracián","http://es.wikipedia.org/wiki/Belmonte_de_Gracián"
"http://opendata.aragon.es/recurso/territorio/Municipio/Cabra_de_Mora","http://es.wikipedia.org/wiki/Cabra_de_Mora"
"http://opendata.aragon.es/recurso/territorio/Municipio/Aragüés_del_Puerto","http://es.wikipedia.org/wiki/Aragüés_del_Puerto"
"http://opendata.aragon.es/recurso/territorio/Municipio/Burgo_de_Ebro_(El)","http://es.wikipedia.org/wiki/El_Burgo_de_Ebro"
"http://opendata.aragon.es/recurso/territorio/Municipio/Camarena_de_la_Sierra","http://es.wikipedia.org/wiki/Camarena_de_la_Sierra"
"http://opendata.aragon.es/recurso/territorio/Municipio/Brea_de_Aragón","http://es.wikipedia.org/wiki/Brea_de_Aragón"
"http://opendata.aragon.es/recurso/territorio/Municipio/Cañada_de_Benatanduz","http://es.wikipedia.org/wiki/Cañada_de_Benatanduz"
"http://opendata.aragon.es/recurso/territorio/Municipio/Cabañas_de_Ebro","http://es.wikipedia.org/wiki/Cabañas_de_Ebro"
"http://opendata.aragon.es/recurso/territorio/Municipio/Cañada_de_Verich_(La)","http://es.wikipedia.org/wiki/La_Cañada_de_Verich"
"http://opendata.aragon.es/recurso/territorio/Municipio/Buste_(El)","http://es.wikipedia.org/wiki/El_Buste"
"http://opendata.aragon.es/recurso/territorio/Municipio/Cañada_Vellida","http://es.wikipedia.org/wiki/Cañada_Vellida"
"http://opendata.aragon.es/recurso/territorio/Municipio/Belver_de_Cinca","http://es.wikipedia.org/wiki/Belver_de_Cinca"
"http://opendata.aragon.es/recurso/territorio/Municipio/Cañizar_del_Olivar","http://es.wikipedia.org/wiki/Cañizar_del_Olivar"
"http://opendata.aragon.es/recurso/territorio/Municipio/Cascante_del_Río","http://es.wikipedia.org/wiki/Cascante_del_Río"
"http://opendata.aragon.es/recurso/territorio/Municipio/Castel_de_Cabra","http://es.wikipedia.org/wiki/Castel_de_Cabra"
"http://opendata.aragon.es/recurso/territorio/Municipio/Castejón_de_Tornos","http://es.wikipedia.org/wiki/Castejón_de_Tornos"
"http://opendata.aragon.es/recurso/territorio/Municipio/Campillo_de_Aragón","http://es.wikipedia.org/wiki/Campillo_de_Aragón"
"http://opendata.aragon.es/recurso/territorio/Municipio/Castellar_(El)","http://es.wikipedia.org/wiki/El_Castellar"
"http://opendata.aragon.es/recurso/territorio/Municipio/Castejón_de_Alarba","http://es.wikipedia.org/wiki/Castejón_de_Alarba"
"http://opendata.aragon.es/recurso/territorio/Municipio/Castejón_de_las_Armas","http://es.wikipedia.org/wiki/Castejón_de_las_Armas"
"http://opendata.aragon.es/recurso/territorio/Municipio/Blecua_y_Torres","http://es.wikipedia.org/wiki/Blecua_y_Torres"
"http://opendata.aragon.es/recurso/territorio/Municipio/Cerollera_(La)","http://es.wikipedia.org/wiki/La_Cerollera"
"http://opendata.aragon.es/recurso/territorio/Municipio/Cervera_de_la_Cañada","http://es.wikipedia.org/wiki/Cervera_de_la_Cañada"
"http://opendata.aragon.es/recurso/territorio/Municipio/Codoñera_(La)","http://es.wikipedia.org/wiki/La_Codoñera"
"http://opendata.aragon.es/recurso/territorio/Municipio/Castejón_de_Valdejasa","http://es.wikipedia.org/wiki/Castejón_de_Valdejasa"
"http://opendata.aragon.es/recurso/territorio/Municipio/Clarés_de_Ribota","http://es.wikipedia.org/wiki/Clarés_de_Ribota"
"http://opendata.aragon.es/recurso/territorio/Municipio/Cinco_Olivas","http://es.wikipedia.org/wiki/Cinco_Olivas"
"http://opendata.aragon.es/recurso/territorio/Municipio/Cortes_de_Aragón","http://es.wikipedia.org/wiki/Cortes_de_Aragón"
"http://opendata.aragon.es/recurso/territorio/Municipio/Cuba_(La)","http://es.wikipedia.org/wiki/La_Cuba"
"http://opendata.aragon.es/recurso/territorio/Municipio/Canal_de_Berdún","http://es.wikipedia.org/wiki/Canal_de_Berdún"
"http://opendata.aragon.es/recurso/territorio/Municipio/Cuarte_de_Huerva","http://es.wikipedia.org/wiki/Cuarte_de_Huerva"
"http://opendata.aragon.es/recurso/territorio/Municipio/Casbas_de_Huesca","http://es.wikipedia.org/wiki/Casbas_de_Huesca"
"http://opendata.aragon.es/recurso/territorio/Municipio/Cuervo_(El)","http://es.wikipedia.org/wiki/El_Cuervo"
"http://opendata.aragon.es/recurso/territorio/Municipio/Castejón_del_Puente","http://es.wikipedia.org/wiki/Castejón_del_Puente"
"http://opendata.aragon.es/recurso/territorio/Municipio/Cuerlas_(Las)","http://es.wikipedia.org/wiki/Las_Cuerlas"
"http://opendata.aragon.es/recurso/territorio/Municipio/Cuevas_de_Almudén","http://es.wikipedia.org/wiki/Cuevas_de_Almudén"
"http://opendata.aragon.es/recurso/territorio/Municipio/Castejón_de_Monegros","http://es.wikipedia.org/wiki/Castejón_de_Monegros"
"http://opendata.aragon.es/recurso/territorio/Municipio/Cuevas_Labradas","http://es.wikipedia.org/wiki/Cuevas_Labradas"
"http://opendata.aragon.es/recurso/territorio/Municipio/Castejón_de_Sos","http://es.wikipedia.org/wiki/Castejón_de_Sos"
"http://opendata.aragon.es/recurso/territorio/Municipio/Castiello_de_Jaca","http://es.wikipedia.org/wiki/Castiello_de_Jaca"
"http://opendata.aragon.es/recurso/territorio/Municipio/Ejea_de_los_Caballeros","http://es.wikipedia.org/wiki/Ejea_de_los_Caballeros"
"http://opendata.aragon.es/recurso/territorio/Municipio/Ferreruela_de_Huerva","http://es.wikipedia.org/wiki/Ferreruela_de_Huerva"
"http://opendata.aragon.es/recurso/territorio/Municipio/Formiche_Alto","http://es.wikipedia.org/wiki/Formiche_Alto"
"http://opendata.aragon.es/recurso/territorio/Municipio/Embid_de_Ariza","http://es.wikipedia.org/wiki/Embid_de_Ariza"
"http://opendata.aragon.es/recurso/territorio/Municipio/Fresneda_(La)","http://es.wikipedia.org/wiki/La_Fresneda"
"http://opendata.aragon.es/recurso/territorio/Municipio/Frías_de_Albarracín","http://es.wikipedia.org/wiki/Frías_de_Albarracín"
"http://opendata.aragon.es/recurso/territorio/Municipio/Estopiñán_del_Castillo","http://es.wikipedia.org/wiki/Estopiñán_del_Castillo"
"http://opendata.aragon.es/recurso/territorio/Municipio/Fayos_(Los)","http://es.wikipedia.org/wiki/Los_Fayos"
"http://opendata.aragon.es/recurso/territorio/Municipio/Fuentes_Calientes","http://es.wikipedia.org/wiki/Fuentes_Calientes"
"http://opendata.aragon.es/recurso/territorio/Municipio/Frago_(El)","http://es.wikipedia.org/wiki/El_Frago"
"http://opendata.aragon.es/recurso/territorio/Municipio/Fuentes_Claras","http://es.wikipedia.org/wiki/Fuentes_Claras"
"http://opendata.aragon.es/recurso/territorio/Municipio/Fuentes_de_Rubielos","http://es.wikipedia.org/wiki/Fuentes_de_Rubielos"
"http://opendata.aragon.es/recurso/territorio/Municipio/Frasno_(El)","http://es.wikipedia.org/wiki/El_Frasno"
"http://opendata.aragon.es/recurso/territorio/Municipio/Foradada_del_Toscar","http://es.wikipedia.org/wiki/Foradada_del_Toscar"
"http://opendata.aragon.es/recurso/territorio/Municipio/Fuentes_de_Ebro","http://es.wikipedia.org/wiki/Fuentes_de_Ebro"
"http://opendata.aragon.es/recurso/territorio/Municipio/Fuentes_de_Jiloca","http://es.wikipedia.org/wiki/Fuentes_de_Jiloca"
"http://opendata.aragon.es/recurso/territorio/Municipio/Fueva_(La)","http://es.wikipedia.org/wiki/La_Fueva"
"http://opendata.aragon.es/recurso/territorio/Municipio/Gea_de_Albarracín","http://es.wikipedia.org/wiki/Gea_de_Albarracín"
"http://opendata.aragon.es/recurso/territorio/Municipio/Ginebrosa_(La)","http://es.wikipedia.org/wiki/La_Ginebrosa"
"http://opendata.aragon.es/recurso/territorio/Municipio/Hinojosa_de_Jarque","http://es.wikipedia.org/wiki/Hinojosa_de_Jarque"
"http://opendata.aragon.es/recurso/territorio/Municipio/Grado_(El)","http://es.wikipedia.org/wiki/El_Grado"
"http://opendata.aragon.es/recurso/territorio/Municipio/Gurrea_de_Gállego","http://es.wikipedia.org/wiki/Gurrea_de_Gállego"
"http://opendata.aragon.es/recurso/territorio/Municipio/Hoz_de_Jaca","http://es.wikipedia.org/wiki/Hoz_de_Jaca"
"http://opendata.aragon.es/recurso/territorio/Municipio/Huesa_del_Común","http://es.wikipedia.org/wiki/Huesa_del_Común"
"http://opendata.aragon.es/recurso/territorio/Municipio/Hoz_de_la_Vieja_(La)","http://es.wikipedia.org/wiki/La_Hoz_de_la_Vieja"
"http://opendata.aragon.es/recurso/territorio/Municipio/Iglesuela_del_Cid_(La)","http://es.wikipedia.org/wiki/La_Iglesuela_del_Cid"
"http://opendata.aragon.es/recurso/territorio/Municipio/Herrera_de_los_Navarros","http://es.wikipedia.org/wiki/Herrera_de_los_Navarros"
"http://opendata.aragon.es/recurso/territorio/Municipio/Jarque_de_la_Val","http://es.wikipedia.org/wiki/Jarque_de_la_Val"
"http://opendata.aragon.es/recurso/territorio/Municipio/Joyosa_(La)","http://es.wikipedia.org/wiki/La_Joyosa"
"http://opendata.aragon.es/recurso/territorio/Municipio/Linares_de_Mora","http://es.wikipedia.org/wiki/Linares_de_Mora"
"http://opendata.aragon.es/recurso/territorio/Municipio/Langa_del_Castillo","http://es.wikipedia.org/wiki/Langa_del_Castillo"
"http://opendata.aragon.es/recurso/territorio/Municipio/Martín_del_Río","http://es.wikipedia.org/wiki/Martín_del_Río"
"http://opendata.aragon.es/recurso/territorio/Municipio/Mas_de_las_Matas","http://es.wikipedia.org/wiki/Mas_de_las_Matas"
"http://opendata.aragon.es/recurso/territorio/Municipio/Lobera_de_Onsella","http://es.wikipedia.org/wiki/Lobera_de_Onsella"
"http://opendata.aragon.es/recurso/territorio/Municipio/Mata_de_los_Olmos_(La)","http://es.wikipedia.org/wiki/La_Mata_de_los_Olmos"
"http://opendata.aragon.es/recurso/territorio/Municipio/Mezquita_de_Jarque","http://es.wikipedia.org/wiki/Mezquita_de_Jarque"
"http://opendata.aragon.es/recurso/territorio/Municipio/Monesma_y_Cajigar","http://es.wikipedia.org/wiki/Monesma_y_Cajigar"
"http://opendata.aragon.es/recurso/territorio/Municipio/Lucena_de_Jalón","http://es.wikipedia.org/wiki/Lucena_de_Jalón"
"http://opendata.aragon.es/recurso/territorio/Municipio/Miravete_de_la_Sierra","http://es.wikipedia.org/wiki/Miravete_de_la_Sierra"
"http://opendata.aragon.es/recurso/territorio/Municipio/Monforte_de_Moyuela","http://es.wikipedia.org/wiki/Monforte_de_Moyuela"
"http://opendata.aragon.es/recurso/territorio/Municipio/Monreal_del_Campo","http://es.wikipedia.org/wiki/Monreal_del_Campo"
"http://opendata.aragon.es/recurso/territorio/Municipio/Monteagudo_del_Castillo","http://es.wikipedia.org/wiki/Monteagudo_del_Castillo"
"http://opendata.aragon.es/recurso/territorio/Municipio/Monterde_de_Albarracín","http://es.wikipedia.org/wiki/Monterde_de_Albarracín"
"http://opendata.aragon.es/recurso/territorio/Municipio/Mora_de_Rubielos","http://es.wikipedia.org/wiki/Mora_de_Rubielos"
"http://opendata.aragon.es/recurso/territorio/Municipio/Osso_de_Cinca","http://es.wikipedia.org/wiki/Osso_de_Cinca"
"http://opendata.aragon.es/recurso/territorio/Municipio/Noguera_de_Albarracín","http://es.wikipedia.org/wiki/Noguera_de_Albarracín"
"http://opendata.aragon.es/recurso/territorio/Municipio/Peñas_de_Riglos_(Las)","http://es.wikipedia.org/wiki/Las_Peñas_de_Riglos"
"http://opendata.aragon.es/recurso/territorio/Municipio/Peralta_de_Alcofea","http://es.wikipedia.org/wiki/Peralta_de_Alcofea"
"http://opendata.aragon.es/recurso/territorio/Municipio/Peralta_de_Calasanz","http://es.wikipedia.org/wiki/Peralta_de_Calasanz"
"http://opendata.aragon.es/recurso/territorio/Municipio/María_de_Huerva","http://es.wikipedia.org/wiki/María_de_Huerva"
"http://opendata.aragon.es/recurso/territorio/Municipio/Mediana_de_Aragón","http://es.wikipedia.org/wiki/Mediana_de_Aragón"
"http://opendata.aragon.es/recurso/territorio/Municipio/Mesones_de_Isuela","http://es.wikipedia.org/wiki/Mesones_de_Isuela"
"http://opendata.aragon.es/recurso/territorio/Municipio/Ojos_Negros","http://es.wikipedia.org/wiki/Ojos_Negros"
"http://opendata.aragon.es/recurso/territorio/Municipio/Olmos_(Los)","http://es.wikipedia.org/wiki/Los_Olmos"
"http://opendata.aragon.es/recurso/territorio/Municipio/Miedes_de_Aragón","http://es.wikipedia.org/wiki/Miedes_de_Aragón"
"http://opendata.aragon.es/recurso/territorio/Municipio/Pozán_de_Vero","http://es.wikipedia.org/wiki/Pozán_de_Vero"
"http://opendata.aragon.es/recurso/territorio/Municipio/Orihuela_del_Tremedal","http://es.wikipedia.org/wiki/Orihuela_del_Tremedal"
"http://opendata.aragon.es/recurso/territorio/Municipio/Puebla_de_Castro_(La)","http://es.wikipedia.org/wiki/La_Puebla_de_Castro"
"http://opendata.aragon.es/recurso/territorio/Municipio/Puente_de_Montañana","http://es.wikipedia.org/wiki/Puente_de_Montañana"
"http://opendata.aragon.es/recurso/territorio/Municipio/Palomar_de_Arroyos","http://es.wikipedia.org/wiki/Palomar_de_Arroyos"
"http://opendata.aragon.es/recurso/territorio/Municipio/Monreal_de_Ariza","http://es.wikipedia.org/wiki/Monreal_de_Ariza"
"http://opendata.aragon.es/recurso/territorio/Municipio/Peñarroya_de_Tastavins","http://es.wikipedia.org/wiki/Peñarroya_de_Tastavins"
"http://opendata.aragon.es/recurso/territorio/Municipio/Parras_de_Castellote_(Las)","http://es.wikipedia.org/wiki/Las_Parras_de_Castellote"
"http://opendata.aragon.es/recurso/territorio/Municipio/Pueyo_de_Araguás_(El)","http://es.wikipedia.org/wiki/El_Pueyo_de_Araguás"
"http://opendata.aragon.es/recurso/territorio/Municipio/Pueyo_de_Santa_Cruz","http://es.wikipedia.org/wiki/Pueyo_de_Santa_Cruz"
"http://opendata.aragon.es/recurso/territorio/Municipio/Morata_de_Jalón","http://es.wikipedia.org/wiki/Morata_de_Jalón"
"http://opendata.aragon.es/recurso/territorio/Municipio/Morata_de_Jiloca","http://es.wikipedia.org/wiki/Morata_de_Jiloca"
"http://opendata.aragon.es/recurso/territorio/Municipio/Perales_del_Alfambra","http://es.wikipedia.org/wiki/Perales_del_Alfambra"
"http://opendata.aragon.es/recurso/territorio/Municipio/Pobo_(El)","http://es.wikipedia.org/wiki/El_Pobo"
"http://opendata.aragon.es/recurso/territorio/Municipio/Salas_Bajas","http://es.wikipedia.org/wiki/Salas_Bajas"
"http://opendata.aragon.es/recurso/territorio/Municipio/Salas_Altas","http://es.wikipedia.org/wiki/Salas_Altas"
"http://opendata.aragon.es/recurso/territorio/Municipio/Portellada_(La)","http://es.wikipedia.org/wiki/La_Portellada"
"http://opendata.aragon.es/recurso/territorio/Municipio/Muela_(La)","http://es.wikipedia.org/wiki/La_Muela"
"http://opendata.aragon.es/recurso/territorio/Municipio/Sallent_de_Gállego","http://es.wikipedia.org/wiki/Sallent_de_Gállego"
"http://opendata.aragon.es/recurso/territorio/Municipio/San_Esteban_de_Litera","http://es.wikipedia.org/wiki/San_Esteban_de_Litera"
"http://opendata.aragon.es/recurso/territorio/Municipio/Pozuel_del_Campo","http://es.wikipedia.org/wiki/Pozuel_del_Campo"
"http://opendata.aragon.es/recurso/territorio/Municipio/San_Juan_de_Plan","http://es.wikipedia.org/wiki/San_Juan_de_Plan"
"http://opendata.aragon.es/recurso/territorio/Municipio/Puebla_de_Híjar_(La)","http://es.wikipedia.org/wiki/La_Puebla_de_Híjar"
"http://opendata.aragon.es/recurso/territorio/Municipio/Santa_Cilia","http://es.wikipedia.org/wiki/Santa_Cilia"
"http://opendata.aragon.es/recurso/territorio/Municipio/Murillo_de_Gállego","http://es.wikipedia.org/wiki/Murillo_de_Gállego"
"http://opendata.aragon.es/recurso/territorio/Municipio/Puebla_de_Valverde_(La)","http://es.wikipedia.org/wiki/La_Puebla_de_Valverde"
"http://opendata.aragon.es/recurso/territorio/Municipio/Santa_Cruz_de_la_Serós","http://es.wikipedia.org/wiki/Santa_Cruz_de_la_Serós"
"http://opendata.aragon.es/recurso/territorio/Municipio/Santaliestra_y_San_Quílez","http://es.wikipedia.org/wiki/Santaliestra_y_San_Quílez"
"http://opendata.aragon.es/recurso/territorio/Municipio/Rubielos_de_la_Cérida","http://es.wikipedia.org/wiki/Rubielos_de_la_Cérida"
"http://opendata.aragon.es/recurso/territorio/Municipio/Nuez_de_Ebro","http://es.wikipedia.org/wiki/Nuez_de_Ebro"
"http://opendata.aragon.es/recurso/territorio/Municipio/Senés_de_Alcubierre","http://es.wikipedia.org/wiki/Senés_de_Alcubierre"
"http://opendata.aragon.es/recurso/territorio/Municipio/Rubielos_de_Mora","http://es.wikipedia.org/wiki/Rubielos_de_Mora"
"http://opendata.aragon.es/recurso/territorio/Municipio/Samper_de_Calanda","http://es.wikipedia.org/wiki/Samper_de_Calanda"
"http://opendata.aragon.es/recurso/territorio/Municipio/Tamarite_de_Litera","http://es.wikipedia.org/wiki/Tamarite_de_Litera"
"http://opendata.aragon.es/recurso/territorio/Municipio/Osera_de_Ebro","http://es.wikipedia.org/wiki/Osera_de_Ebro"
"http://opendata.aragon.es/recurso/territorio/Municipio/San_Agustín","http://es.wikipedia.org/wiki/San_Agustín"
"http://opendata.aragon.es/recurso/territorio/Municipio/San_Martín_del_Río","http://es.wikipedia.org/wiki/San_Martín_del_Río"
"http://opendata.aragon.es/recurso/territorio/Municipio/Santa_Cruz_de_Nogueras","http://es.wikipedia.org/wiki/Santa_Cruz_de_Nogueras"
"http://opendata.aragon.es/recurso/territorio/Municipio/Paracuellos_de_Jiloca","http://es.wikipedia.org/wiki/Paracuellos_de_Jiloca"
"http://opendata.aragon.es/recurso/territorio/Municipio/Santa_Eulalia","http://es.wikipedia.org/wiki/Santa_Eulalia"
"http://opendata.aragon.es/recurso/territorio/Municipio/Paracuellos_de_la_Ribera","http://es.wikipedia.org/wiki/Paracuellos_de_la_Ribera"
"http://opendata.aragon.es/recurso/territorio/Municipio/Segura_de_los_Baños","http://es.wikipedia.org/wiki/Segura_de_los_Baños"
"http://opendata.aragon.es/recurso/territorio/Municipio/Torralba_de_Aragón","http://es.wikipedia.org/wiki/Torralba_de_Aragón"
"http://opendata.aragon.es/recurso/territorio/Municipio/Torre_la_Ribera","http://es.wikipedia.org/wiki/Torre_la_Ribera"
"http://opendata.aragon.es/recurso/territorio/Municipio/Pedrosas_(Las)","http://es.wikipedia.org/wiki/Las_Pedrosas"
"http://opendata.aragon.es/recurso/territorio/Municipio/Torrente_de_Cinca","http://es.wikipedia.org/wiki/Torrente_de_Cinca"
"http://opendata.aragon.es/recurso/territorio/Municipio/Torres_de_Alcanadre","http://es.wikipedia.org/wiki/Torres_de_Alcanadre"
"http://opendata.aragon.es/recurso/territorio/Municipio/Toril_y_Masegoso","http://es.wikipedia.org/wiki/Toril_y_Masegoso"
"http://opendata.aragon.es/recurso/territorio/Municipio/Torres_de_Barbués","http://es.wikipedia.org/wiki/Torres_de_Barbués"
"http://opendata.aragon.es/recurso/territorio/Municipio/Pina_de_Ebro","http://es.wikipedia.org/wiki/Pina_de_Ebro"
"http://opendata.aragon.es/recurso/territorio/Municipio/Pintanos_(Los)","http://es.wikipedia.org/wiki/Los_Pintanos"
"http://opendata.aragon.es/recurso/territorio/Municipio/Plasencia_de_Jalón","http://es.wikipedia.org/wiki/Plasencia_de_Jalón"
"http://opendata.aragon.es/recurso/territorio/Municipio/Torralba_de_los_Sisones","http://es.wikipedia.org/wiki/Torralba_de_los_Sisones"
"http://opendata.aragon.es/recurso/territorio/Municipio/Valle_de_Bardají","http://es.wikipedia.org/wiki/Valle_de_Bardají"
"http://opendata.aragon.es/recurso/territorio/Municipio/Valle_de_Lierp","http://es.wikipedia.org/wiki/Valle_de_Lierp"
"http://opendata.aragon.es/recurso/territorio/Municipio/Torrecilla_de_Alcañiz","http://es.wikipedia.org/wiki/Torrecilla_de_Alcañiz"
"http://opendata.aragon.es/recurso/territorio/Municipio/Velilla_de_Cinca","http://es.wikipedia.org/wiki/Velilla_de_Cinca"
"http://opendata.aragon.es/recurso/territorio/Municipio/Torrecilla_del_Rebollar","http://es.wikipedia.org/wiki/Torrecilla_del_Rebollar"
"http://opendata.aragon.es/recurso/territorio/Municipio/Viacamp_y_Litera","http://es.wikipedia.org/wiki/Viacamp_y_Litera"
"http://opendata.aragon.es/recurso/territorio/Municipio/Pozuel_de_Ariza","http://es.wikipedia.org/wiki/Pozuel_de_Ariza"
"http://opendata.aragon.es/recurso/territorio/Municipio/Torre_de_Arcas","http://es.wikipedia.org/wiki/Torre_de_Arcas"
"http://opendata.aragon.es/recurso/territorio/Municipio/Torre_de_las_Arcas","http://es.wikipedia.org/wiki/Torre_de_las_Arcas"
"http://opendata.aragon.es/recurso/territorio/Municipio/Pozuelo_de_Aragón","http://es.wikipedia.org/wiki/Pozuelo_de_Aragón"
"http://opendata.aragon.es/recurso/territorio/Municipio/Torre_del_Compte","http://es.wikipedia.org/wiki/Torre_del_Compte"
"http://opendata.aragon.es/recurso/territorio/Municipio/Pradilla_de_Ebro","http://es.wikipedia.org/wiki/Pradilla_de_Ebro"
"http://opendata.aragon.es/recurso/territorio/Municipio/Villanueva_de_Sigena","http://es.wikipedia.org/wiki/Villanueva_de_Sigena"
"http://opendata.aragon.es/recurso/territorio/Municipio/Puebla_de_Albortón","http://es.wikipedia.org/wiki/Puebla_de_Albortón"
"http://opendata.aragon.es/recurso/territorio/Municipio/Torre_los_Negros","http://es.wikipedia.org/wiki/Torre_los_Negros"
"http://opendata.aragon.es/recurso/territorio/Municipio/Puebla_de_Alfindén_(La)","http://es.wikipedia.org/wiki/La_Puebla_de_Alfindén"
"http://opendata.aragon.es/recurso/territorio/Municipio/Torremocha_de_Jiloca","http://es.wikipedia.org/wiki/Torremocha_de_Jiloca"
"http://opendata.aragon.es/recurso/territorio/Municipio/Yebra_de_Basa","http://es.wikipedia.org/wiki/Yebra_de_Basa"
"http://opendata.aragon.es/recurso/territorio/Municipio/Torres_de_Albarracín","http://es.wikipedia.org/wiki/Torres_de_Albarracín"
"http://opendata.aragon.es/recurso/territorio/Municipio/Valle_de_Hecho","http://es.wikipedia.org/wiki/Valle_de_Hecho"
"http://opendata.aragon.es/recurso/territorio/Municipio/Torrijo_del_Campo","http://es.wikipedia.org/wiki/Torrijo_del_Campo"
"http://opendata.aragon.es/recurso/territorio/Municipio/Puente_la_Reina_de_Jaca","http://es.wikipedia.org/wiki/Puente_la_Reina_de_Jaca"
"http://opendata.aragon.es/recurso/territorio/Municipio/San_Miguel_del_Cinca","http://es.wikipedia.org/wiki/San_Miguel_del_Cinca"
"http://opendata.aragon.es/recurso/territorio/Municipio/Sotonera_(La)","http://es.wikipedia.org/wiki/La_Sotonera"
"http://opendata.aragon.es/recurso/territorio/Municipio/Rueda_de_Jalón","http://es.wikipedia.org/wiki/Rueda_de_Jalón"
"http://opendata.aragon.es/recurso/territorio/Municipio/Hoz_y_Costeán","http://es.wikipedia.org/wiki/Hoz_y_Costeán"
"http://opendata.aragon.es/recurso/territorio/Municipio/Urrea_de_Gaén","http://es.wikipedia.org/wiki/Urrea_de_Gaén"
"http://opendata.aragon.es/recurso/territorio/Municipio/Santa_María_de_Dulcis","http://es.wikipedia.org/wiki/Santa_María_de_Dulcis"
"http://opendata.aragon.es/recurso/territorio/Municipio/Salillas_de_Jalón","http://es.wikipedia.org/wiki/Salillas_de_Jalón"
"http://opendata.aragon.es/recurso/territorio/Municipio/San_Martín_de_la_Virgen_de_Moncayo","http://es.wikipedia.org/wiki/San_Martín_de_la_Virgen_de_Moncayo"
"http://opendata.aragon.es/recurso/territorio/Municipio/Salvatierra_de_Esca","http://es.wikipedia.org/wiki/Salvatierra_de_Esca"
"http://opendata.aragon.es/recurso/territorio/Municipio/Samper_del_Salz","http://es.wikipedia.org/wiki/Samper_del_Salz"
"http://opendata.aragon.es/recurso/territorio/Municipio/San_Mateo_de_Gállego","http://es.wikipedia.org/wiki/San_Mateo_de_Gállego"
"http://opendata.aragon.es/recurso/territorio/Municipio/Santa_Cruz_de_Grío","http://es.wikipedia.org/wiki/Santa_Cruz_de_Grío"
"http://opendata.aragon.es/recurso/territorio/Municipio/Santa_Cruz_de_Moncayo","http://es.wikipedia.org/wiki/Santa_Cruz_de_Moncayo"
"http://opendata.aragon.es/recurso/territorio/Municipio/Santa_Eulalia_de_Gállego","http://es.wikipedia.org/wiki/Santa_Eulalia_de_Gállego"
"http://opendata.aragon.es/recurso/territorio/Municipio/Sierra_de_Luna","http://es.wikipedia.org/wiki/Sierra_de_Luna"
"http://opendata.aragon.es/recurso/territorio/Municipio/Sos_del_Rey_Católico","http://es.wikipedia.org/wiki/Sos_del_Rey_Católico"
"http://opendata.aragon.es/recurso/territorio/Municipio/Torralba_de_los_Frailes","http://es.wikipedia.org/wiki/Torralba_de_los_Frailes"
"http://opendata.aragon.es/recurso/territorio/Municipio/Torralba_de_Ribota","http://es.wikipedia.org/wiki/Torralba_de_Ribota"
"http://opendata.aragon.es/recurso/territorio/Municipio/Torres_de_Berrellén","http://es.wikipedia.org/wiki/Torres_de_Berrellén"
"http://opendata.aragon.es/recurso/territorio/Municipio/Undués_de_Lerda","http://es.wikipedia.org/wiki/Undués_de_Lerda"
"http://opendata.aragon.es/recurso/territorio/Municipio/Torrijo_de_la_Cañada","http://es.wikipedia.org/wiki/Torrijo_de_la_Cañada"
"http://opendata.aragon.es/recurso/territorio/Municipio/Urrea_de_Jalón","http://es.wikipedia.org/wiki/Urrea_de_Jalón"
"http://opendata.aragon.es/recurso/territorio/Municipio/Val_de_San_Martín","http://es.wikipedia.org/wiki/Val_de_San_Martín"
"http://opendata.aragon.es/recurso/territorio/Municipio/Velilla_de_Ebro","http://es.wikipedia.org/wiki/Velilla_de_Ebro"
"http://opendata.aragon.es/recurso/territorio/Municipio/Velilla_de_Jiloca","http://es.wikipedia.org/wiki/Velilla_de_Jiloca"
"http://opendata.aragon.es/recurso/territorio/Municipio/Vera_de_Moncayo","http://es.wikipedia.org/wiki/Vera_de_Moncayo"
"http://opendata.aragon.es/recurso/territorio/Municipio/Villafranca_de_Ebro","http://es.wikipedia.org/wiki/Villafranca_de_Ebro"
"http://opendata.aragon.es/recurso/territorio/Municipio/Villalba_de_Perejil","http://es.wikipedia.org/wiki/Villalba_de_Perejil"
"http://opendata.aragon.es/recurso/territorio/Municipio/Vilueña_(La)","http://es.wikipedia.org/wiki/La_Vilueña"
"http://opendata.aragon.es/recurso/territorio/Municipio/Villanueva_de_Jiloca","http://es.wikipedia.org/wiki/Villanueva_de_Jiloca"
"http://opendata.aragon.es/recurso/territorio/Municipio/Villanueva_de_Gállego","http://es.wikipedia.org/wiki/Villanueva_de_Gállego"
"http://opendata.aragon.es/recurso/territorio/Municipio/Villar_de_los_Navarros","http://es.wikipedia.org/wiki/Villar_de_los_Navarros"
"http://opendata.aragon.es/recurso/territorio/Municipio/Villanueva_de_Huerva","http://es.wikipedia.org/wiki/Villanueva_de_Huerva"
"http://opendata.aragon.es/recurso/territorio/Municipio/Villarreal_de_Huerva","http://es.wikipedia.org/wiki/Villarreal_de_Huerva"
"http://opendata.aragon.es/recurso/territorio/Municipio/Villarroya_de_la_Sierra","http://es.wikipedia.org/wiki/Villarroya_de_la_Sierra"
"http://opendata.aragon.es/recurso/territorio/Municipio/Villarroya_del_Campo","http://es.wikipedia.org/wiki/Villarroya_del_Campo"
"http://opendata.aragon.es/recurso/territorio/Municipio/Villamayor_de_Gállego","http://es.wikipedia.org/wiki/Villamayor_de_Gállego"
"http://opendata.aragon.es/recurso/territorio/Municipio/Vallecillo_(El)","http://es.wikipedia.org/wiki/El_Vallecillo"
"http://opendata.aragon.es/recurso/territorio/Municipio/Zaida_(La)","http://es.wikipedia.org/wiki/La_Zaida"
"http://opendata.aragon.es/recurso/territorio/Municipio/Veguillas_de_la_Sierra","http://es.wikipedia.org/wiki/Veguillas_de_la_Sierra"
"http://opendata.aragon.es/recurso/territorio/Municipio/Villafranca_del_Campo","http://es.wikipedia.org/wiki/Villafranca_del_Campo"
"http://opendata.aragon.es/recurso/territorio/Municipio/Villahermosa_del_Campo","http://es.wikipedia.org/wiki/Villahermosa_del_Campo"
"http://opendata.aragon.es/recurso/territorio/Municipio/Villanueva_del_Rebollar_de_la_Sierra","http://es.wikipedia.org/wiki/Villanueva_del_Rebollar_de_la_Sierra"
"http://opendata.aragon.es/recurso/territorio/Municipio/Villar_del_Cobo","http://es.wikipedia.org/wiki/Villar_del_Cobo"
"http://opendata.aragon.es/recurso/territorio/Municipio/Villar_del_Salz","http://es.wikipedia.org/wiki/Villar_del_Salz"
"http://opendata.aragon.es/recurso/territorio/Municipio/Villarroya_de_los_Pinares","http://es.wikipedia.org/wiki/Villarroya_de_los_Pinares"
"http://opendata.aragon.es/recurso/territorio/Municipio/Vivel_del_Río_Martín","http://es.wikipedia.org/wiki/Vivel_del_Río_Martín"
"http://opendata.aragon.es/recurso/territorio/Municipio/Zoma_(La)","http://es.wikipedia.org/wiki/La_Zoma"
"http://opendata.aragon.es/recurso/territorio/Municipio/Aranda_de_Moncayo","http://es.wikipedia.org/wiki/Aranda_de_Moncayo"
  ]
]