MUN_URI,2013
"http://opendata.aragon.es/recurso/territorio/Municipio/Abiego",279.0
"http://opendata.aragon.es/recurso/territorio/Municipio/Abizanda",143.0
"http://opendata.aragon.es/recurso/territorio/Municipio/Adahuesca",176.0
"http://opendata.aragon.es/recurso/territorio/Municipio/Agüero",150.0
"http://opendata.aragon.es/recurso/territorio/Municipio/Aísa",364.0
"http://opendata.aragon.es/recurso/territorio/Municipio/Albalate_de_Cinca",1249.0
"http://opendata.aragon.es/recurso/territorio/Municipio/Albalatillo",209.0
"http://opendata.aragon.es/recurso/territorio/Municipio/Albelda",794.0
"http://opendata.aragon.es/recurso/territorio/Municipio/Albero_Alto",123.0
"http://opendata.aragon.es/recurso/territorio/Municipio/Albero_Bajo",121.0
"http://opendata.aragon.es/recurso/territorio/Municipio/Alberuela_de_Tubo",339.0
"http://opendata.aragon.es/recurso/territorio/Municipio/Alcalá_de_Gurrea",277.0
"http://opendata.aragon.es/recurso/territorio/Municipio/Alcalá_del_Obispo",354.0
"http://opendata.aragon.es/recurso/territorio/Municipio/Alcampell",724.0
"http://opendata.aragon.es/recurso/territorio/Municipio/Alcolea_de_Cinca",1125.0
"http://opendata.aragon.es/recurso/territorio/Municipio/Alcubierre",416.0
"http://opendata.aragon.es/recurso/territorio/Municipio/Alerre",213.0
"http://opendata.aragon.es/recurso/territorio/Municipio/Alfántega",140.0
"http://opendata.aragon.es/recurso/territorio/Municipio/Almudévar",2514.0
"http://opendata.aragon.es/recurso/territorio/Municipio/Almunia_de_San_Juan",663.0
"http://opendata.aragon.es/recurso/territorio/Municipio/Almuniente",538.0
"http://opendata.aragon.es/recurso/territorio/Municipio/Alquézar",298.0
"http://opendata.aragon.es/recurso/territorio/Municipio/Altorricón",1447.0
"http://opendata.aragon.es/recurso/territorio/Municipio/Angüés",419.0
"http://opendata.aragon.es/recurso/territorio/Municipio/Ansó",447.0
"http://opendata.aragon.es/recurso/territorio/Municipio/Antillón",156.0
"http://opendata.aragon.es/recurso/territorio/Municipio/Aragüés_del_Puerto",128.0
"http://opendata.aragon.es/recurso/territorio/Municipio/Arén",326.0
"http://opendata.aragon.es/recurso/territorio/Municipio/Argavieso",112.0
"http://opendata.aragon.es/recurso/territorio/Municipio/Arguis",129.0
"http://opendata.aragon.es/recurso/territorio/Municipio/Ayerbe",1111.0
"http://opendata.aragon.es/recurso/territorio/Municipio/Azanuy-Alins",181.0
"http://opendata.aragon.es/recurso/territorio/Municipio/Azara",197.0
"http://opendata.aragon.es/recurso/territorio/Municipio/Azlor",133.0
"http://opendata.aragon.es/recurso/territorio/Municipio/Baells",109.0
"http://opendata.aragon.es/recurso/territorio/Municipio/Bailo",301.0
"http://opendata.aragon.es/recurso/territorio/Municipio/Baldellou",103.0
"http://opendata.aragon.es/recurso/territorio/Municipio/Ballobar",863.0
"http://opendata.aragon.es/recurso/territorio/Municipio/Banastás",297.0
"http://opendata.aragon.es/recurso/territorio/Municipio/Barbastro",17210.0
"http://opendata.aragon.es/recurso/territorio/Municipio/Barbués",89.0
"http://opendata.aragon.es/recurso/territorio/Municipio/Barbuñales",98.0
"http://opendata.aragon.es/recurso/territorio/Municipio/Bárcabo",115.0
"http://opendata.aragon.es/recurso/territorio/Municipio/Belver_de_Cinca",1330.0
"http://opendata.aragon.es/recurso/territorio/Municipio/Benabarre",1206.0
"http://opendata.aragon.es/recurso/territorio/Municipio/Benasque",2195.0
"http://opendata.aragon.es/recurso/territorio/Municipio/Berbegal",385.0
"http://opendata.aragon.es/recurso/territorio/Municipio/Bielsa",500.0
"http://opendata.aragon.es/recurso/territorio/Municipio/Bierge",246.0
"http://opendata.aragon.es/recurso/territorio/Municipio/Biescas",1568.0
"http://opendata.aragon.es/recurso/territorio/Municipio/Binaced",1550.0
"http://opendata.aragon.es/recurso/territorio/Municipio/Binéfar",9468.0
"http://opendata.aragon.es/recurso/territorio/Municipio/Bisaurri",194.0
"http://opendata.aragon.es/recurso/territorio/Municipio/Biscarrués",220.0
"http://opendata.aragon.es/recurso/territorio/Municipio/Blecua_y_Torres",211.0
"http://opendata.aragon.es/recurso/territorio/Municipio/Boltaña",1071.0
"http://opendata.aragon.es/recurso/territorio/Municipio/Bonansa",86.0
"http://opendata.aragon.es/recurso/territorio/Municipio/Borau",86.0
"http://opendata.aragon.es/recurso/territorio/Municipio/Broto",533.0
"http://opendata.aragon.es/recurso/territorio/Municipio/Caldearenas",212.0
"http://opendata.aragon.es/recurso/territorio/Municipio/Campo",426.0
"http://opendata.aragon.es/recurso/territorio/Municipio/Camporrells",165.0
"http://opendata.aragon.es/recurso/territorio/Municipio/Canal_de_Berdún",385.0
"http://opendata.aragon.es/recurso/territorio/Municipio/Candasnos",349.0
"http://opendata.aragon.es/recurso/territorio/Municipio/Canfranc",572.0
"http://opendata.aragon.es/recurso/territorio/Municipio/Capdesaso",177.0
"http://opendata.aragon.es/recurso/territorio/Municipio/Capella",371.0
"http://opendata.aragon.es/recurso/territorio/Municipio/Casbas_de_Huesca",306.0
"http://opendata.aragon.es/recurso/territorio/Municipio/Castejón_del_Puente",349.0
"http://opendata.aragon.es/recurso/territorio/Municipio/Castejón_de_Monegros",611.0
"http://opendata.aragon.es/recurso/territorio/Municipio/Castejón_de_Sos",731.0
"http://opendata.aragon.es/recurso/territorio/Municipio/Castelflorite",135.0
"http://opendata.aragon.es/recurso/territorio/Municipio/Castiello_de_Jaca",249.0
"http://opendata.aragon.es/recurso/territorio/Municipio/Castigaleu",102.0
"http://opendata.aragon.es/recurso/territorio/Municipio/Castillazuelo",181.0
"http://opendata.aragon.es/recurso/territorio/Municipio/Castillonroy",342.0
"http://opendata.aragon.es/recurso/territorio/Municipio/Colungo",115.0
"http://opendata.aragon.es/recurso/territorio/Municipio/Chalamera",113.0
"http://opendata.aragon.es/recurso/territorio/Municipio/Chía",100.0
"http://opendata.aragon.es/recurso/territorio/Municipio/Chimillas",374.0
"http://opendata.aragon.es/recurso/territorio/Municipio/Esplús",672.0
"http://opendata.aragon.es/recurso/territorio/Municipio/Estada",221.0
"http://opendata.aragon.es/recurso/territorio/Municipio/Estadilla",847.0
"http://opendata.aragon.es/recurso/territorio/Municipio/Estopiñán_del_Castillo",144.0
"http://opendata.aragon.es/recurso/territorio/Municipio/Fago",27.0
"http://opendata.aragon.es/recurso/territorio/Municipio/Fanlo",118.0
"http://opendata.aragon.es/recurso/territorio/Municipio/Fiscal",374.0
"http://opendata.aragon.es/recurso/territorio/Municipio/Fonz",987.0
"http://opendata.aragon.es/recurso/territorio/Municipio/Foradada_del_Toscar",197.0
"http://opendata.aragon.es/recurso/territorio/Municipio/Fraga",14834.0
"http://opendata.aragon.es/recurso/territorio/Municipio/Fueva_(La)",618.0
"http://opendata.aragon.es/recurso/territorio/Municipio/Gistaín",144.0
"http://opendata.aragon.es/recurso/territorio/Municipio/Grado_(El)",448.0
"http://opendata.aragon.es/recurso/territorio/Municipio/Grañén",1961.0
"http://opendata.aragon.es/recurso/territorio/Municipio/Graus",3513.0
"http://opendata.aragon.es/recurso/territorio/Municipio/Gurrea_de_Gállego",1627.0
"http://opendata.aragon.es/recurso/territorio/Municipio/Hoz_de_Jaca",74.0
"http://opendata.aragon.es/recurso/territorio/Municipio/Huerto",255.0
"http://opendata.aragon.es/recurso/territorio/Municipio/Huesca",52418.0
"http://opendata.aragon.es/recurso/territorio/Municipio/Ibieca",121.0
"http://opendata.aragon.es/recurso/territorio/Municipio/Igriés",675.0
"http://opendata.aragon.es/recurso/territorio/Municipio/Ilche",211.0
"http://opendata.aragon.es/recurso/territorio/Municipio/Isábena",297.0
"http://opendata.aragon.es/recurso/territorio/Municipio/Jaca",13221.0
"http://opendata.aragon.es/recurso/territorio/Municipio/Jasa",102.0
"http://opendata.aragon.es/recurso/territorio/Municipio/Labuerda",156.0
"http://opendata.aragon.es/recurso/territorio/Municipio/Laluenga",225.0
"http://opendata.aragon.es/recurso/territorio/Municipio/Lalueza",1021.0
"http://opendata.aragon.es/recurso/territorio/Municipio/Lanaja",1340.0
"http://opendata.aragon.es/recurso/territorio/Municipio/Laperdiguera",95.0
"http://opendata.aragon.es/recurso/territorio/Municipio/Lascellas-Ponzano",148.0
"http://opendata.aragon.es/recurso/territorio/Municipio/Lascuarre",143.0
"http://opendata.aragon.es/recurso/territorio/Municipio/Laspaúles",316.0
"http://opendata.aragon.es/recurso/territorio/Municipio/Laspuña",293.0
"http://opendata.aragon.es/recurso/territorio/Municipio/Loarre",361.0
"http://opendata.aragon.es/recurso/territorio/Municipio/Loporzano",547.0
"http://opendata.aragon.es/recurso/territorio/Municipio/Loscorrales",106.0
"http://opendata.aragon.es/recurso/territorio/Municipio/Monesma_y_Cajigar",93.0
"http://opendata.aragon.es/recurso/territorio/Municipio/Monflorite-Lascasas",304.0
"http://opendata.aragon.es/recurso/territorio/Municipio/Montanuy",253.0
"http://opendata.aragon.es/recurso/territorio/Municipio/Monzón",17290.0
"http://opendata.aragon.es/recurso/territorio/Municipio/Naval",250.0
"http://opendata.aragon.es/recurso/territorio/Municipio/Novales",183.0
"http://opendata.aragon.es/recurso/territorio/Municipio/Nueno",558.0
"http://opendata.aragon.es/recurso/territorio/Municipio/Olvena",62.0
"http://opendata.aragon.es/recurso/territorio/Municipio/Ontiñena",585.0
"http://opendata.aragon.es/recurso/territorio/Municipio/Osso_de_Cinca",805.0
"http://opendata.aragon.es/recurso/territorio/Municipio/Palo",23.0
"http://opendata.aragon.es/recurso/territorio/Municipio/Panticosa",765.0
"http://opendata.aragon.es/recurso/territorio/Municipio/Peñalba",720.0
"http://opendata.aragon.es/recurso/territorio/Municipio/Peñas_de_Riglos_(Las)",268.0
"http://opendata.aragon.es/recurso/territorio/Municipio/Peralta_de_Alcofea",553.0
"http://opendata.aragon.es/recurso/territorio/Municipio/Peralta_de_Calasanz",240.0
"http://opendata.aragon.es/recurso/territorio/Municipio/Peraltilla",201.0
"http://opendata.aragon.es/recurso/territorio/Municipio/Perarrúa",107.0
"http://opendata.aragon.es/recurso/territorio/Municipio/Pertusa",124.0
"http://opendata.aragon.es/recurso/territorio/Municipio/Piracés",102.0
"http://opendata.aragon.es/recurso/territorio/Municipio/Plan",312.0
"http://opendata.aragon.es/recurso/territorio/Municipio/Poleñino",215.0
"http://opendata.aragon.es/recurso/territorio/Municipio/Pozán_de_Vero",230.0
"http://opendata.aragon.es/recurso/territorio/Municipio/Puebla_de_Castro_(La)",415.0
"http://opendata.aragon.es/recurso/territorio/Municipio/Puente_de_Montañana",129.0
"http://opendata.aragon.es/recurso/territorio/Municipio/Puértolas",214.0
"http://opendata.aragon.es/recurso/territorio/Municipio/Pueyo_de_Araguás_(El)",153.0
"http://opendata.aragon.es/recurso/territorio/Municipio/Pueyo_de_Santa_Cruz",358.0
"http://opendata.aragon.es/recurso/territorio/Municipio/Quicena",298.0
"http://opendata.aragon.es/recurso/territorio/Municipio/Robres",582.0
"http://opendata.aragon.es/recurso/territorio/Municipio/Sabiñánigo",10129.0
"http://opendata.aragon.es/recurso/territorio/Municipio/Sahún",326.0
"http://opendata.aragon.es/recurso/territorio/Municipio/Salas_Altas",302.0
"http://opendata.aragon.es/recurso/territorio/Municipio/Salas_Bajas",136.0
"http://opendata.aragon.es/recurso/territorio/Municipio/Salillas",102.0
"http://opendata.aragon.es/recurso/territorio/Municipio/Sallent_de_Gállego",1490.0
"http://opendata.aragon.es/recurso/territorio/Municipio/San_Esteban_de_Litera",501.0
"http://opendata.aragon.es/recurso/territorio/Municipio/Sangarrén",214.0
"http://opendata.aragon.es/recurso/territorio/Municipio/San_Juan_de_Plan",158.0
"http://opendata.aragon.es/recurso/territorio/Municipio/Santa_Cilia",206.0
"http://opendata.aragon.es/recurso/territorio/Municipio/Santa_Cruz_de_la_Serós",191.0
"http://opendata.aragon.es/recurso/territorio/Municipio/Santaliestra_y_San_Quílez",91.0
"http://opendata.aragon.es/recurso/territorio/Municipio/Sariñena",4323.0
"http://opendata.aragon.es/recurso/territorio/Municipio/Secastilla",158.0
"http://opendata.aragon.es/recurso/territorio/Municipio/Seira",142.0
"http://opendata.aragon.es/recurso/territorio/Municipio/Sena",530.0
"http://opendata.aragon.es/recurso/territorio/Municipio/Senés_de_Alcubierre",51.0
"http://opendata.aragon.es/recurso/territorio/Municipio/Sesa",208.0
"http://opendata.aragon.es/recurso/territorio/Municipio/Sesué",121.0
"http://opendata.aragon.es/recurso/territorio/Municipio/Siétamo",663.0
"http://opendata.aragon.es/recurso/territorio/Municipio/Sopeira",110.0
"http://opendata.aragon.es/recurso/territorio/Municipio/Tamarite_de_Litera",3626.0
"http://opendata.aragon.es/recurso/territorio/Municipio/Tardienta",994.0
"http://opendata.aragon.es/recurso/territorio/Municipio/Tella-Sin",254.0
"http://opendata.aragon.es/recurso/territorio/Municipio/Tierz",726.0
"http://opendata.aragon.es/recurso/territorio/Municipio/Tolva",147.0
"http://opendata.aragon.es/recurso/territorio/Municipio/Torla",292.0
"http://opendata.aragon.es/recurso/territorio/Municipio/Torralba_de_Aragón",107.0
"http://opendata.aragon.es/recurso/territorio/Municipio/Torre_la_Ribera",113.0
"http://opendata.aragon.es/recurso/territorio/Municipio/Torrente_de_Cinca",1241.0
"http://opendata.aragon.es/recurso/territorio/Municipio/Torres_de_Alcanadre",106.0
"http://opendata.aragon.es/recurso/territorio/Municipio/Torres_de_Barbués",303.0
"http://opendata.aragon.es/recurso/territorio/Municipio/Tramaced",95.0
"http://opendata.aragon.es/recurso/territorio/Municipio/Valfarta",78.0
"http://opendata.aragon.es/recurso/territorio/Municipio/Valle_de_Bardají",39.0
"http://opendata.aragon.es/recurso/territorio/Municipio/Valle_de_Lierp",59.0
"http://opendata.aragon.es/recurso/territorio/Municipio/Velilla_de_Cinca",447.0
"http://opendata.aragon.es/recurso/territorio/Municipio/Viacamp_y_Litera",43.0
"http://opendata.aragon.es/recurso/territorio/Municipio/Vicién",124.0
"http://opendata.aragon.es/recurso/territorio/Municipio/Villanova",150.0
"http://opendata.aragon.es/recurso/territorio/Municipio/Villanúa",487.0
"http://opendata.aragon.es/recurso/territorio/Municipio/Villanueva_de_Sigena",443.0
"http://opendata.aragon.es/recurso/territorio/Municipio/Yebra_de_Basa",146.0
"http://opendata.aragon.es/recurso/territorio/Municipio/Yésero",63.0
"http://opendata.aragon.es/recurso/territorio/Municipio/Zaidín",1797.0
"http://opendata.aragon.es/recurso/territorio/Municipio/Valle_de_Hecho",924.0
"http://opendata.aragon.es/recurso/territorio/Municipio/Puente_la_Reina_de_Jaca",284.0
"http://opendata.aragon.es/recurso/territorio/Municipio/San_Miguel_del_Cinca",854.0
"http://opendata.aragon.es/recurso/territorio/Municipio/Sotonera_(La)",1018.0
"http://opendata.aragon.es/recurso/territorio/Municipio/Lupiñén-Ortilla",374.0
"http://opendata.aragon.es/recurso/territorio/Municipio/Santa_María_de_Dulcis",219.0
"http://opendata.aragon.es/recurso/territorio/Municipio/Aínsa-Sobrarbe",2250.0
"http://opendata.aragon.es/recurso/territorio/Municipio/Hoz_y_Costeán",190.0
"http://opendata.aragon.es/recurso/territorio/Municipio/Vencillón",442.0
"http://opendata.aragon.es/recurso/territorio/Municipio/Ababuj",65.0
"http://opendata.aragon.es/recurso/territorio/Municipio/Abejuela",39.0
"http://opendata.aragon.es/recurso/territorio/Municipio/Aguatón",19.0
"http://opendata.aragon.es/recurso/territorio/Municipio/Aguaviva",654.0
"http://opendata.aragon.es/recurso/territorio/Municipio/Aguilar_del_Alfambra",75.0
"http://opendata.aragon.es/recurso/territorio/Municipio/Alacón",306.0
"http://opendata.aragon.es/recurso/territorio/Municipio/Alba",215.0
"http://opendata.aragon.es/recurso/territorio/Municipio/Albalate_del_Arzobispo",2049.0
"http://opendata.aragon.es/recurso/territorio/Municipio/Albarracín",1093.0
"http://opendata.aragon.es/recurso/territorio/Municipio/Albentosa",296.0
"http://opendata.aragon.es/recurso/territorio/Municipio/Alcaine",69.0
"http://opendata.aragon.es/recurso/territorio/Municipio/Alcalá_de_la_Selva",457.0
"http://opendata.aragon.es/recurso/territorio/Municipio/Alcañiz",16384.0
"http://opendata.aragon.es/recurso/territorio/Municipio/Alcorisa",3501.0
"http://opendata.aragon.es/recurso/territorio/Municipio/Alfambra",584.0
"http://opendata.aragon.es/recurso/territorio/Municipio/Aliaga",361.0
"http://opendata.aragon.es/recurso/territorio/Municipio/Almohaja",21.0
"http://opendata.aragon.es/recurso/territorio/Municipio/Alobras",79.0
"http://opendata.aragon.es/recurso/territorio/Municipio/Alpeñés",19.0
"http://opendata.aragon.es/recurso/territorio/Municipio/Allepuz",119.0
"http://opendata.aragon.es/recurso/territorio/Municipio/Alloza",667.0
"http://opendata.aragon.es/recurso/territorio/Municipio/Allueva",15.0
"http://opendata.aragon.es/recurso/territorio/Municipio/Anadón",23.0
"http://opendata.aragon.es/recurso/territorio/Municipio/Andorra",8278.0
"http://opendata.aragon.es/recurso/territorio/Municipio/Arcos_de_las_Salinas",96.0
"http://opendata.aragon.es/recurso/territorio/Municipio/Arens_de_Lledó",215.0
"http://opendata.aragon.es/recurso/territorio/Municipio/Argente",225.0
"http://opendata.aragon.es/recurso/territorio/Municipio/Ariño",769.0
"http://opendata.aragon.es/recurso/territorio/Municipio/Azaila",124.0
"http://opendata.aragon.es/recurso/territorio/Municipio/Bádenas",20.0
"http://opendata.aragon.es/recurso/territorio/Municipio/Báguena",353.0
"http://opendata.aragon.es/recurso/territorio/Municipio/Bañón",163.0
"http://opendata.aragon.es/recurso/territorio/Municipio/Barrachina",148.0
"http://opendata.aragon.es/recurso/territorio/Municipio/Bea",30.0
"http://opendata.aragon.es/recurso/territorio/Municipio/Beceite",599.0
"http://opendata.aragon.es/recurso/territorio/Municipio/Belmonte_de_San_José",117.0
"http://opendata.aragon.es/recurso/territorio/Municipio/Bello",250.0
"http://opendata.aragon.es/recurso/territorio/Municipio/Berge",251.0
"http://opendata.aragon.es/recurso/territorio/Municipio/Bezas",75.0
"http://opendata.aragon.es/recurso/territorio/Municipio/Blancas",157.0
"http://opendata.aragon.es/recurso/territorio/Municipio/Blesa",118.0
"http://opendata.aragon.es/recurso/territorio/Municipio/Bordón",120.0
"http://opendata.aragon.es/recurso/territorio/Municipio/Bronchales",461.0
"http://opendata.aragon.es/recurso/territorio/Municipio/Bueña",62.0
"http://opendata.aragon.es/recurso/territorio/Municipio/Burbáguena",294.0
"http://opendata.aragon.es/recurso/territorio/Municipio/Cabra_de_Mora",66.0
"http://opendata.aragon.es/recurso/territorio/Municipio/Calaceite",1106.0
"http://opendata.aragon.es/recurso/territorio/Municipio/Calamocha",4515.0
"http://opendata.aragon.es/recurso/territorio/Municipio/Calanda",3949.0
"http://opendata.aragon.es/recurso/territorio/Municipio/Calomarde",84.0
"http://opendata.aragon.es/recurso/territorio/Municipio/Camañas",127.0
"http://opendata.aragon.es/recurso/territorio/Municipio/Camarena_de_la_Sierra",138.0
"http://opendata.aragon.es/recurso/territorio/Municipio/Camarillas",110.0
"http://opendata.aragon.es/recurso/territorio/Municipio/Caminreal",724.0
"http://opendata.aragon.es/recurso/territorio/Municipio/Cantavieja",724.0
"http://opendata.aragon.es/recurso/territorio/Municipio/Cañada_de_Benatanduz",38.0
"http://opendata.aragon.es/recurso/territorio/Municipio/Cañada_de_Verich_(La)",94.0
"http://opendata.aragon.es/recurso/territorio/Municipio/Cañada_Vellida",38.0
"http://opendata.aragon.es/recurso/territorio/Municipio/Cañizar_del_Olivar",98.0
"http://opendata.aragon.es/recurso/territorio/Municipio/Cascante_del_Río",80.0
"http://opendata.aragon.es/recurso/territorio/Municipio/Castejón_de_Tornos",66.0
"http://opendata.aragon.es/recurso/territorio/Municipio/Castel_de_Cabra",131.0
"http://opendata.aragon.es/recurso/territorio/Municipio/Castelnou",152.0
"http://opendata.aragon.es/recurso/territorio/Municipio/Castelserás",833.0
"http://opendata.aragon.es/recurso/territorio/Municipio/Castellar_(El)",62.0
"http://opendata.aragon.es/recurso/territorio/Municipio/Castellote",782.0
"http://opendata.aragon.es/recurso/territorio/Municipio/Cedrillas",630.0
"http://opendata.aragon.es/recurso/territorio/Municipio/Celadas",404.0
"http://opendata.aragon.es/recurso/territorio/Municipio/Cella",2886.0
"http://opendata.aragon.es/recurso/territorio/Municipio/Cerollera_(La)",104.0
"http://opendata.aragon.es/recurso/territorio/Municipio/Codoñera_(La)",368.0
"http://opendata.aragon.es/recurso/territorio/Municipio/Corbalán",109.0
"http://opendata.aragon.es/recurso/territorio/Municipio/Cortes_de_Aragón",57.0
"http://opendata.aragon.es/recurso/territorio/Municipio/Cosa",60.0
"http://opendata.aragon.es/recurso/territorio/Municipio/Cretas",597.0
"http://opendata.aragon.es/recurso/territorio/Municipio/Crivillén",76.0
"http://opendata.aragon.es/recurso/territorio/Municipio/Cuba_(La)",47.0
"http://opendata.aragon.es/recurso/territorio/Municipio/Cubla",61.0
"http://opendata.aragon.es/recurso/territorio/Municipio/Cucalón",110.0
"http://opendata.aragon.es/recurso/territorio/Municipio/Cuervo_(El)",98.0
"http://opendata.aragon.es/recurso/territorio/Municipio/Cuevas_de_Almudén",141.0
"http://opendata.aragon.es/recurso/territorio/Municipio/Cuevas_Labradas",135.0
"http://opendata.aragon.es/recurso/territorio/Municipio/Ejulve",204.0
"http://opendata.aragon.es/recurso/territorio/Municipio/Escorihuela",162.0
"http://opendata.aragon.es/recurso/territorio/Municipio/Escucha",1003.0
"http://opendata.aragon.es/recurso/territorio/Municipio/Estercuel",261.0
"http://opendata.aragon.es/recurso/territorio/Municipio/Ferreruela_de_Huerva",67.0
"http://opendata.aragon.es/recurso/territorio/Municipio/Fonfría",30.0
"http://opendata.aragon.es/recurso/territorio/Municipio/Formiche_Alto",170.0
"http://opendata.aragon.es/recurso/territorio/Municipio/Fórnoles",93.0
"http://opendata.aragon.es/recurso/territorio/Municipio/Fortanete",208.0
"http://opendata.aragon.es/recurso/territorio/Municipio/Foz-Calanda",269.0
"http://opendata.aragon.es/recurso/territorio/Municipio/Fresneda_(La)",495.0
"http://opendata.aragon.es/recurso/territorio/Municipio/Frías_de_Albarracín",143.0
"http://opendata.aragon.es/recurso/territorio/Municipio/Fuenferrada",61.0
"http://opendata.aragon.es/recurso/territorio/Municipio/Fuentes_Calientes",113.0
"http://opendata.aragon.es/recurso/territorio/Municipio/Fuentes_Claras",553.0
"http://opendata.aragon.es/recurso/territorio/Municipio/Fuentes_de_Rubielos",128.0
"http://opendata.aragon.es/recurso/territorio/Municipio/Fuentespalda",308.0
"http://opendata.aragon.es/recurso/territorio/Municipio/Galve",168.0
"http://opendata.aragon.es/recurso/territorio/Municipio/Gargallo",122.0
"http://opendata.aragon.es/recurso/territorio/Municipio/Gea_de_Albarracín",410.0
"http://opendata.aragon.es/recurso/territorio/Municipio/Ginebrosa_(La)",216.0
"http://opendata.aragon.es/recurso/territorio/Municipio/Griegos",139.0
"http://opendata.aragon.es/recurso/territorio/Municipio/Guadalaviar",245.0
"http://opendata.aragon.es/recurso/territorio/Municipio/Gúdar",84.0
"http://opendata.aragon.es/recurso/territorio/Municipio/Híjar",1774.0
"http://opendata.aragon.es/recurso/territorio/Municipio/Hinojosa_de_Jarque",146.0
"http://opendata.aragon.es/recurso/territorio/Municipio/Hoz_de_la_Vieja_(La)",83.0
"http://opendata.aragon.es/recurso/territorio/Municipio/Huesa_del_Común",82.0
"http://opendata.aragon.es/recurso/territorio/Municipio/Iglesuela_del_Cid_(La)",469.0
"http://opendata.aragon.es/recurso/territorio/Municipio/Jabaloyas",78.0
"http://opendata.aragon.es/recurso/territorio/Municipio/Jarque_de_la_Val",87.0
"http://opendata.aragon.es/recurso/territorio/Municipio/Jatiel",50.0
"http://opendata.aragon.es/recurso/territorio/Municipio/Jorcas",38.0
"http://opendata.aragon.es/recurso/territorio/Municipio/Josa",36.0
"http://opendata.aragon.es/recurso/territorio/Municipio/Lagueruela",72.0
"http://opendata.aragon.es/recurso/territorio/Municipio/Lanzuela",27.0
"http://opendata.aragon.es/recurso/territorio/Municipio/Libros",137.0
"http://opendata.aragon.es/recurso/territorio/Municipio/Lidón",54.0
"http://opendata.aragon.es/recurso/territorio/Municipio/Linares_de_Mora",276.0
"http://opendata.aragon.es/recurso/territorio/Municipio/Loscos",156.0
"http://opendata.aragon.es/recurso/territorio/Municipio/Lledó",172.0
"http://opendata.aragon.es/recurso/territorio/Municipio/Maicas",36.0
"http://opendata.aragon.es/recurso/territorio/Municipio/Manzanera",539.0
"http://opendata.aragon.es/recurso/territorio/Municipio/Martín_del_Río",437.0
"http://opendata.aragon.es/recurso/territorio/Municipio/Mas_de_las_Matas",1349.0
"http://opendata.aragon.es/recurso/territorio/Municipio/Mata_de_los_Olmos_(La)",280.0
"http://opendata.aragon.es/recurso/territorio/Municipio/Mazaleón",558.0
"http://opendata.aragon.es/recurso/territorio/Municipio/Mezquita_de_Jarque",121.0
"http://opendata.aragon.es/recurso/territorio/Municipio/Mirambel",113.0
"http://opendata.aragon.es/recurso/territorio/Municipio/Miravete_de_la_Sierra",29.0
"http://opendata.aragon.es/recurso/territorio/Municipio/Molinos",276.0
"http://opendata.aragon.es/recurso/territorio/Municipio/Monforte_de_Moyuela",66.0
"http://opendata.aragon.es/recurso/territorio/Municipio/Monreal_del_Campo",2680.0
"http://opendata.aragon.es/recurso/territorio/Municipio/Monroyo",367.0
"http://opendata.aragon.es/recurso/territorio/Municipio/Montalbán",1341.0
"http://opendata.aragon.es/recurso/territorio/Municipio/Monteagudo_del_Castillo",59.0
"http://opendata.aragon.es/recurso/territorio/Municipio/Monterde_de_Albarracín",62.0
"http://opendata.aragon.es/recurso/territorio/Municipio/Mora_de_Rubielos",1632.0
"http://opendata.aragon.es/recurso/territorio/Municipio/Moscardón",62.0
"http://opendata.aragon.es/recurso/territorio/Municipio/Mosqueruela",607.0
"http://opendata.aragon.es/recurso/territorio/Municipio/Muniesa",640.0
"http://opendata.aragon.es/recurso/territorio/Municipio/Noguera_de_Albarracín",146.0
"http://opendata.aragon.es/recurso/territorio/Municipio/Nogueras",30.0
"http://opendata.aragon.es/recurso/territorio/Municipio/Nogueruelas",210.0
"http://opendata.aragon.es/recurso/territorio/Municipio/Obón",38.0
"http://opendata.aragon.es/recurso/territorio/Municipio/Odón",228.0
"http://opendata.aragon.es/recurso/territorio/Municipio/Ojos_Negros",435.0
"http://opendata.aragon.es/recurso/territorio/Municipio/Olba",250.0
"http://opendata.aragon.es/recurso/territorio/Municipio/Oliete",430.0
"http://opendata.aragon.es/recurso/territorio/Municipio/Olmos_(Los)",131.0
"http://opendata.aragon.es/recurso/territorio/Municipio/Orihuela_del_Tremedal",552.0
"http://opendata.aragon.es/recurso/territorio/Municipio/Orrios",145.0
"http://opendata.aragon.es/recurso/territorio/Municipio/Palomar_de_Arroyos",186.0
"http://opendata.aragon.es/recurso/territorio/Municipio/Pancrudo",123.0
"http://opendata.aragon.es/recurso/territorio/Municipio/Parras_de_Castellote_(Las)",63.0
"http://opendata.aragon.es/recurso/territorio/Municipio/Peñarroya_de_Tastavins",480.0
"http://opendata.aragon.es/recurso/territorio/Municipio/Peracense",73.0
"http://opendata.aragon.es/recurso/territorio/Municipio/Peralejos",90.0
"http://opendata.aragon.es/recurso/territorio/Municipio/Perales_del_Alfambra",265.0
"http://opendata.aragon.es/recurso/territorio/Municipio/Pitarque",89.0
"http://opendata.aragon.es/recurso/territorio/Municipio/Plou",45.0
"http://opendata.aragon.es/recurso/territorio/Municipio/Pobo_(El)",145.0
"http://opendata.aragon.es/recurso/territorio/Municipio/Portellada_(La)",245.0
"http://opendata.aragon.es/recurso/territorio/Municipio/Pozondón",66.0
"http://opendata.aragon.es/recurso/territorio/Municipio/Pozuel_del_Campo",80.0
"http://opendata.aragon.es/recurso/territorio/Municipio/Puebla_de_Híjar_(La)",974.0
"http://opendata.aragon.es/recurso/territorio/Municipio/Puebla_de_Valverde_(La)",547.0
"http://opendata.aragon.es/recurso/territorio/Municipio/Puertomingalvo",135.0
"http://opendata.aragon.es/recurso/territorio/Municipio/Ráfales",138.0
"http://opendata.aragon.es/recurso/territorio/Municipio/Rillo",109.0
"http://opendata.aragon.es/recurso/territorio/Municipio/Riodeva",165.0
"http://opendata.aragon.es/recurso/territorio/Municipio/Ródenas",78.0
"http://opendata.aragon.es/recurso/territorio/Municipio/Royuela",230.0
"http://opendata.aragon.es/recurso/territorio/Municipio/Rubiales",55.0
"http://opendata.aragon.es/recurso/territorio/Municipio/Rubielos_de_la_Cérida",43.0
"http://opendata.aragon.es/recurso/territorio/Municipio/Rubielos_de_Mora",722.0
"http://opendata.aragon.es/recurso/territorio/Municipio/Salcedillo",10.0
"http://opendata.aragon.es/recurso/territorio/Municipio/Saldón",29.0
"http://opendata.aragon.es/recurso/territorio/Municipio/Samper_de_Calanda",867.0
"http://opendata.aragon.es/recurso/territorio/Municipio/San_Agustín",151.0
"http://opendata.aragon.es/recurso/territorio/Municipio/San_Martín_del_Río",182.0
"http://opendata.aragon.es/recurso/territorio/Municipio/Santa_Cruz_de_Nogueras",38.0
"http://opendata.aragon.es/recurso/territorio/Municipio/Santa_Eulalia",1118.0
"http://opendata.aragon.es/recurso/territorio/Municipio/Sarrión",1149.0
"http://opendata.aragon.es/recurso/territorio/Municipio/Segura_de_los_Baños",40.0
"http://opendata.aragon.es/recurso/territorio/Municipio/Seno",43.0
"http://opendata.aragon.es/recurso/territorio/Municipio/Singra",73.0
"http://opendata.aragon.es/recurso/territorio/Municipio/Terriente",179.0
"http://opendata.aragon.es/recurso/territorio/Municipio/Teruel",35961.0
"http://opendata.aragon.es/recurso/territorio/Municipio/Toril_y_Masegoso",35.0
"http://opendata.aragon.es/recurso/territorio/Municipio/Tormón",31.0
"http://opendata.aragon.es/recurso/territorio/Municipio/Tornos",234.0
"http://opendata.aragon.es/recurso/territorio/Municipio/Torralba_de_los_Sisones",174.0
"http://opendata.aragon.es/recurso/territorio/Municipio/Torrecilla_de_Alcañiz",437.0
"http://opendata.aragon.es/recurso/territorio/Municipio/Torrecilla_del_Rebollar",142.0
"http://opendata.aragon.es/recurso/territorio/Municipio/Torre_de_Arcas",95.0
"http://opendata.aragon.es/recurso/territorio/Municipio/Torre_de_las_Arcas",31.0
"http://opendata.aragon.es/recurso/territorio/Municipio/Torre_del_Compte",147.0
"http://opendata.aragon.es/recurso/territorio/Municipio/Torrelacárcel",193.0
"http://opendata.aragon.es/recurso/territorio/Municipio/Torre_los_Negros",91.0
"http://opendata.aragon.es/recurso/territorio/Municipio/Torremocha_de_Jiloca",125.0
"http://opendata.aragon.es/recurso/territorio/Municipio/Torres_de_Albarracín",159.0
"http://opendata.aragon.es/recurso/territorio/Municipio/Torrevelilla",211.0
"http://opendata.aragon.es/recurso/territorio/Municipio/Torrijas",44.0
"http://opendata.aragon.es/recurso/territorio/Municipio/Torrijo_del_Campo",496.0
"http://opendata.aragon.es/recurso/territorio/Municipio/Tramacastiel",76.0
"http://opendata.aragon.es/recurso/territorio/Municipio/Tramacastilla",114.0
"http://opendata.aragon.es/recurso/territorio/Municipio/Tronchón",91.0
"http://opendata.aragon.es/recurso/territorio/Municipio/Urrea_de_Gaén",491.0
"http://opendata.aragon.es/recurso/territorio/Municipio/Utrillas",3268.0
"http://opendata.aragon.es/recurso/territorio/Municipio/Valacloche",23.0
"http://opendata.aragon.es/recurso/territorio/Municipio/Valbona",197.0
"http://opendata.aragon.es/recurso/territorio/Municipio/Valdealgorfa",621.0
"http://opendata.aragon.es/recurso/territorio/Municipio/Valdecuenca",44.0
"http://opendata.aragon.es/recurso/territorio/Municipio/Valdelinares",100.0
"http://opendata.aragon.es/recurso/territorio/Municipio/Valdeltormo",322.0
"http://opendata.aragon.es/recurso/territorio/Municipio/Valderrobres",2310.0
"http://opendata.aragon.es/recurso/territorio/Municipio/Valjunquera",383.0
"http://opendata.aragon.es/recurso/territorio/Municipio/Vallecillo_(El)",52.0
"http://opendata.aragon.es/recurso/territorio/Municipio/Veguillas_de_la_Sierra",22.0
"http://opendata.aragon.es/recurso/territorio/Municipio/Villafranca_del_Campo",323.0
"http://opendata.aragon.es/recurso/territorio/Municipio/Villahermosa_del_Campo",102.0
"http://opendata.aragon.es/recurso/territorio/Municipio/Villanueva_del_Rebollar_de_la_Sierra",46.0
"http://opendata.aragon.es/recurso/territorio/Municipio/Villar_del_Cobo",192.0
"http://opendata.aragon.es/recurso/territorio/Municipio/Villar_del_Salz",73.0
"http://opendata.aragon.es/recurso/territorio/Municipio/Villarluengo",195.0
"http://opendata.aragon.es/recurso/territorio/Municipio/Villarquemado",889.0
"http://opendata.aragon.es/recurso/territorio/Municipio/Villarroya_de_los_Pinares",164.0
"http://opendata.aragon.es/recurso/territorio/Municipio/Villastar",498.0
"http://opendata.aragon.es/recurso/territorio/Municipio/Villel",355.0
"http://opendata.aragon.es/recurso/territorio/Municipio/Vinaceite",287.0
"http://opendata.aragon.es/recurso/territorio/Municipio/Visiedo",141.0
"http://opendata.aragon.es/recurso/territorio/Municipio/Vivel_del_Río_Martín",81.0
"http://opendata.aragon.es/recurso/territorio/Municipio/Zoma_(La)",19.0
"http://opendata.aragon.es/recurso/territorio/Municipio/Abanto",133.0
"http://opendata.aragon.es/recurso/territorio/Municipio/Acered",245.0
"http://opendata.aragon.es/recurso/territorio/Municipio/Agón",155.0
"http://opendata.aragon.es/recurso/territorio/Municipio/Aguarón",743.0
"http://opendata.aragon.es/recurso/territorio/Municipio/Aguilón",252.0
"http://opendata.aragon.es/recurso/territorio/Municipio/Ainzón",1187.0
"http://opendata.aragon.es/recurso/territorio/Municipio/Aladrén",54.0
"http://opendata.aragon.es/recurso/territorio/Municipio/Alagón",7175.0
"http://opendata.aragon.es/recurso/territorio/Municipio/Alarba",152.0
"http://opendata.aragon.es/recurso/territorio/Municipio/Alberite_de_San_Juan",91.0
"http://opendata.aragon.es/recurso/territorio/Municipio/Albeta",144.0
"http://opendata.aragon.es/recurso/territorio/Municipio/Alborge",119.0
"http://opendata.aragon.es/recurso/territorio/Municipio/Alcalá_de_Ebro",270.0
"http://opendata.aragon.es/recurso/territorio/Municipio/Alcalá_de_Moncayo",184.0
"http://opendata.aragon.es/recurso/territorio/Municipio/Alconchel_de_Ariza",85.0
"http://opendata.aragon.es/recurso/territorio/Municipio/Aldehuela_de_Liestos",48.0
"http://opendata.aragon.es/recurso/territorio/Municipio/Alfajarín",2235.0
"http://opendata.aragon.es/recurso/territorio/Municipio/Alfamén",1517.0
"http://opendata.aragon.es/recurso/territorio/Municipio/Alforque",78.0
"http://opendata.aragon.es/recurso/territorio/Municipio/Alhama_de_Aragón",1106.0
"http://opendata.aragon.es/recurso/territorio/Municipio/Almochuel",38.0
"http://opendata.aragon.es/recurso/territorio/Municipio/Almolda_(La)",608.0
"http://opendata.aragon.es/recurso/territorio/Municipio/Almonacid_de_la_Cuba",244.0
"http://opendata.aragon.es/recurso/territorio/Municipio/Almonacid_de_la_Sierra",744.0
"http://opendata.aragon.es/recurso/territorio/Municipio/Almunia_de_Doña_Godina_(La)",7766.0
"http://opendata.aragon.es/recurso/territorio/Municipio/Alpartir",567.0
"http://opendata.aragon.es/recurso/territorio/Municipio/Ambel",270.0
"http://opendata.aragon.es/recurso/territorio/Municipio/Anento",108.0
"http://opendata.aragon.es/recurso/territorio/Municipio/Aniñón",789.0
"http://opendata.aragon.es/recurso/territorio/Municipio/Añón_de_Moncayo",212.0
"http://opendata.aragon.es/recurso/territorio/Municipio/Aranda_de_Moncayo",185.0
"http://opendata.aragon.es/recurso/territorio/Municipio/Arándiga",367.0
"http://opendata.aragon.es/recurso/territorio/Municipio/Ardisa",81.0
"http://opendata.aragon.es/recurso/territorio/Municipio/Ariza",1207.0
"http://opendata.aragon.es/recurso/territorio/Municipio/Artieda",90.0
"http://opendata.aragon.es/recurso/territorio/Municipio/Asín",103.0
"http://opendata.aragon.es/recurso/territorio/Municipio/Atea",167.0
"http://opendata.aragon.es/recurso/territorio/Municipio/Ateca",2061.0
"http://opendata.aragon.es/recurso/territorio/Municipio/Azuara",643.0
"http://opendata.aragon.es/recurso/territorio/Municipio/Badules",102.0
"http://opendata.aragon.es/recurso/territorio/Municipio/Bagüés",20.0
"http://opendata.aragon.es/recurso/territorio/Municipio/Balconchán",14.0
"http://opendata.aragon.es/recurso/territorio/Municipio/Bárboles",316.0
"http://opendata.aragon.es/recurso/territorio/Municipio/Bardallur",311.0
"http://opendata.aragon.es/recurso/territorio/Municipio/Belchite",1633.0
"http://opendata.aragon.es/recurso/territorio/Municipio/Belmonte_de_Gracián",233.0
"http://opendata.aragon.es/recurso/territorio/Municipio/Berdejo",61.0
"http://opendata.aragon.es/recurso/territorio/Municipio/Berrueco",41.0
"http://opendata.aragon.es/recurso/territorio/Municipio/Bijuesca",108.0
"http://opendata.aragon.es/recurso/territorio/Municipio/Biota",1036.0
"http://opendata.aragon.es/recurso/territorio/Municipio/Bisimbre",100.0
"http://opendata.aragon.es/recurso/territorio/Municipio/Boquiñeni",923.0
"http://opendata.aragon.es/recurso/territorio/Municipio/Bordalba",68.0
"http://opendata.aragon.es/recurso/territorio/Municipio/Borja",4915.0
"http://opendata.aragon.es/recurso/territorio/Municipio/Botorrita",516.0
"http://opendata.aragon.es/recurso/territorio/Municipio/Brea_de_Aragón",1754.0
"http://opendata.aragon.es/recurso/territorio/Municipio/Bubierca",78.0
"http://opendata.aragon.es/recurso/territorio/Municipio/Bujaraloz",1044.0
"http://opendata.aragon.es/recurso/territorio/Municipio/Bulbuente",241.0
"http://opendata.aragon.es/recurso/territorio/Municipio/Bureta",268.0
"http://opendata.aragon.es/recurso/territorio/Municipio/Burgo_de_Ebro_(El)",2366.0
"http://opendata.aragon.es/recurso/territorio/Municipio/Buste_(El)",76.0
"http://opendata.aragon.es/recurso/territorio/Municipio/Cabañas_de_Ebro",540.0
"http://opendata.aragon.es/recurso/territorio/Municipio/Cabolafuente",41.0
"http://opendata.aragon.es/recurso/territorio/Municipio/Cadrete",3363.0
"http://opendata.aragon.es/recurso/territorio/Municipio/Calatayud",20926.0
"http://opendata.aragon.es/recurso/territorio/Municipio/Calatorao",2998.0
"http://opendata.aragon.es/recurso/territorio/Municipio/Calcena",81.0
"http://opendata.aragon.es/recurso/territorio/Municipio/Calmarza",80.0
"http://opendata.aragon.es/recurso/territorio/Municipio/Campillo_de_Aragón",148.0
"http://opendata.aragon.es/recurso/territorio/Municipio/Carenas",165.0
"http://opendata.aragon.es/recurso/territorio/Municipio/Cariñena",3537.0
"http://opendata.aragon.es/recurso/territorio/Municipio/Caspe",9858.0
"http://opendata.aragon.es/recurso/territorio/Municipio/Castejón_de_Alarba",87.0
"http://opendata.aragon.es/recurso/territorio/Municipio/Castejón_de_las_Armas",106.0
"http://opendata.aragon.es/recurso/territorio/Municipio/Castejón_de_Valdejasa",248.0
"http://opendata.aragon.es/recurso/territorio/Municipio/Castiliscar",300.0
"http://opendata.aragon.es/recurso/territorio/Municipio/Cervera_de_la_Cañada",318.0
"http://opendata.aragon.es/recurso/territorio/Municipio/Cerveruela",42.0
"http://opendata.aragon.es/recurso/territorio/Municipio/Cetina",672.0
"http://opendata.aragon.es/recurso/territorio/Municipio/Cimballa",115.0
"http://opendata.aragon.es/recurso/territorio/Municipio/Cinco_Olivas",109.0
"http://opendata.aragon.es/recurso/territorio/Municipio/Clarés_de_Ribota",84.0
"http://opendata.aragon.es/recurso/territorio/Municipio/Codo",202.0
"http://opendata.aragon.es/recurso/territorio/Municipio/Codos",227.0
"http://opendata.aragon.es/recurso/territorio/Municipio/Contamina",37.0
"http://opendata.aragon.es/recurso/territorio/Municipio/Cosuenda",390.0
"http://opendata.aragon.es/recurso/territorio/Municipio/Cuarte_de_Huerva",11043.0
"http://opendata.aragon.es/recurso/territorio/Municipio/Cubel",188.0
"http://opendata.aragon.es/recurso/territorio/Municipio/Cuerlas_(Las)",52.0
"http://opendata.aragon.es/recurso/territorio/Municipio/Chiprana",487.0
"http://opendata.aragon.es/recurso/territorio/Municipio/Chodes",135.0
"http://opendata.aragon.es/recurso/territorio/Municipio/Daroca",2255.0
"http://opendata.aragon.es/recurso/territorio/Municipio/Ejea_de_los_Caballeros",17139.0
"http://opendata.aragon.es/recurso/territorio/Municipio/Embid_de_Ariza",51.0
"http://opendata.aragon.es/recurso/territorio/Municipio/Encinacorba",238.0
"http://opendata.aragon.es/recurso/territorio/Municipio/Épila",4734.0
"http://opendata.aragon.es/recurso/territorio/Municipio/Erla",393.0
"http://opendata.aragon.es/recurso/territorio/Municipio/Escatrón",1104.0
"http://opendata.aragon.es/recurso/territorio/Municipio/Fabara",1276.0
"http://opendata.aragon.es/recurso/territorio/Municipio/Farlete",411.0
"http://opendata.aragon.es/recurso/territorio/Municipio/Fayón",372.0
"http://opendata.aragon.es/recurso/territorio/Municipio/Fayos_(Los)",151.0
"http://opendata.aragon.es/recurso/territorio/Municipio/Figueruelas",1319.0
"http://opendata.aragon.es/recurso/territorio/Municipio/Fombuena",52.0
"http://opendata.aragon.es/recurso/territorio/Municipio/Frago_(El)",105.0
"http://opendata.aragon.es/recurso/territorio/Municipio/Frasno_(El)",441.0
"http://opendata.aragon.es/recurso/territorio/Municipio/Fréscano",204.0
"http://opendata.aragon.es/recurso/territorio/Municipio/Fuendejalón",948.0
"http://opendata.aragon.es/recurso/territorio/Municipio/Fuendetodos",169.0
"http://opendata.aragon.es/recurso/territorio/Municipio/Fuentes_de_Ebro",4656.0
"http://opendata.aragon.es/recurso/territorio/Municipio/Fuentes_de_Jiloca",261.0
"http://opendata.aragon.es/recurso/territorio/Municipio/Gallocanta",154.0
"http://opendata.aragon.es/recurso/territorio/Municipio/Gallur",2846.0
"http://opendata.aragon.es/recurso/territorio/Municipio/Gelsa",1135.0
"http://opendata.aragon.es/recurso/territorio/Municipio/Godojos",39.0
"http://opendata.aragon.es/recurso/territorio/Municipio/Gotor",352.0
"http://opendata.aragon.es/recurso/territorio/Municipio/Grisel",70.0
"http://opendata.aragon.es/recurso/territorio/Municipio/Grisén",626.0
"http://opendata.aragon.es/recurso/territorio/Municipio/Herrera_de_los_Navarros",569.0
"http://opendata.aragon.es/recurso/territorio/Municipio/Ibdes",460.0
"http://opendata.aragon.es/recurso/territorio/Municipio/Illueca",3216.0
"http://opendata.aragon.es/recurso/territorio/Municipio/Isuerre",33.0
"http://opendata.aragon.es/recurso/territorio/Municipio/Jaraba",340.0
"http://opendata.aragon.es/recurso/territorio/Municipio/Jarque",529.0
"http://opendata.aragon.es/recurso/territorio/Municipio/Jaulín",265.0
"http://opendata.aragon.es/recurso/territorio/Municipio/Joyosa_(La)",983.0
"http://opendata.aragon.es/recurso/territorio/Municipio/Lagata",142.0
"http://opendata.aragon.es/recurso/territorio/Municipio/Langa_del_Castillo",134.0
"http://opendata.aragon.es/recurso/territorio/Municipio/Layana",108.0
"http://opendata.aragon.es/recurso/territorio/Municipio/Lécera",754.0
"http://opendata.aragon.es/recurso/territorio/Municipio/Leciñena",1263.0
"http://opendata.aragon.es/recurso/territorio/Municipio/Lechón",51.0
"http://opendata.aragon.es/recurso/territorio/Municipio/Letux",372.0
"http://opendata.aragon.es/recurso/territorio/Municipio/Litago",173.0
"http://opendata.aragon.es/recurso/territorio/Municipio/Lituénigo",124.0
"http://opendata.aragon.es/recurso/territorio/Municipio/Lobera_de_Onsella",40.0
"http://opendata.aragon.es/recurso/territorio/Municipio/Longares",903.0
"http://opendata.aragon.es/recurso/territorio/Municipio/Longás",35.0
"http://opendata.aragon.es/recurso/territorio/Municipio/Lucena_de_Jalón",264.0
"http://opendata.aragon.es/recurso/territorio/Municipio/Luceni",1032.0
"http://opendata.aragon.es/recurso/territorio/Municipio/Luesia",325.0
"http://opendata.aragon.es/recurso/territorio/Municipio/Luesma",47.0
"http://opendata.aragon.es/recurso/territorio/Municipio/Lumpiaque",915.0
"http://opendata.aragon.es/recurso/territorio/Municipio/Luna",794.0
"http://opendata.aragon.es/recurso/territorio/Municipio/Maella",1977.0
"http://opendata.aragon.es/recurso/territorio/Municipio/Magallón",1191.0
"http://opendata.aragon.es/recurso/territorio/Municipio/Mainar",158.0
"http://opendata.aragon.es/recurso/territorio/Municipio/Malanquilla",117.0
"http://opendata.aragon.es/recurso/territorio/Municipio/Maleján",305.0
"http://opendata.aragon.es/recurso/territorio/Municipio/Malón",378.0
"http://opendata.aragon.es/recurso/territorio/Municipio/Maluenda",1116.0
"http://opendata.aragon.es/recurso/territorio/Municipio/Mallén",3611.0
"http://opendata.aragon.es/recurso/territorio/Municipio/Manchones",122.0
"http://opendata.aragon.es/recurso/territorio/Municipio/Mara",186.0
"http://opendata.aragon.es/recurso/territorio/Municipio/María_de_Huerva",5315.0
"http://opendata.aragon.es/recurso/territorio/Municipio/Mediana_de_Aragón",469.0
"http://opendata.aragon.es/recurso/territorio/Municipio/Mequinenza",2436.0
"http://opendata.aragon.es/recurso/territorio/Municipio/Mesones_de_Isuela",300.0
"http://opendata.aragon.es/recurso/territorio/Municipio/Mezalocha",244.0
"http://opendata.aragon.es/recurso/territorio/Municipio/Mianos",33.0
"http://opendata.aragon.es/recurso/territorio/Municipio/Miedes_de_Aragón",470.0
"http://opendata.aragon.es/recurso/territorio/Municipio/Monegrillo",458.0
"http://opendata.aragon.es/recurso/territorio/Municipio/Moneva",116.0
"http://opendata.aragon.es/recurso/territorio/Municipio/Monreal_de_Ariza",231.0
"http://opendata.aragon.es/recurso/territorio/Municipio/Monterde",161.0
"http://opendata.aragon.es/recurso/territorio/Municipio/Montón",115.0
"http://opendata.aragon.es/recurso/territorio/Municipio/Morata_de_Jalón",1259.0
"http://opendata.aragon.es/recurso/territorio/Municipio/Morata_de_Jiloca",232.0
"http://opendata.aragon.es/recurso/territorio/Municipio/Morés",393.0
"http://opendata.aragon.es/recurso/territorio/Municipio/Moros",434.0
"http://opendata.aragon.es/recurso/territorio/Municipio/Moyuela",280.0
"http://opendata.aragon.es/recurso/territorio/Municipio/Mozota",117.0
"http://opendata.aragon.es/recurso/territorio/Municipio/Muel",1377.0
"http://opendata.aragon.es/recurso/territorio/Municipio/Muela_(La)",5015.0
"http://opendata.aragon.es/recurso/territorio/Municipio/Munébrega",462.0
"http://opendata.aragon.es/recurso/territorio/Municipio/Murero",135.0
"http://opendata.aragon.es/recurso/territorio/Municipio/Murillo_de_Gállego",189.0
"http://opendata.aragon.es/recurso/territorio/Municipio/Navardún",45.0
"http://opendata.aragon.es/recurso/territorio/Municipio/Nigüella",75.0
"http://opendata.aragon.es/recurso/territorio/Municipio/Nombrevilla",34.0
"http://opendata.aragon.es/recurso/territorio/Municipio/Nonaspe",1038.0
"http://opendata.aragon.es/recurso/territorio/Municipio/Novallas",947.0
"http://opendata.aragon.es/recurso/territorio/Municipio/Novillas",594.0
"http://opendata.aragon.es/recurso/territorio/Municipio/Nuévalos",348.0
"http://opendata.aragon.es/recurso/territorio/Municipio/Nuez_de_Ebro",863.0
"http://opendata.aragon.es/recurso/territorio/Municipio/Olvés",109.0
"http://opendata.aragon.es/recurso/territorio/Municipio/Orcajo",45.0
"http://opendata.aragon.es/recurso/territorio/Municipio/Orera",133.0
"http://opendata.aragon.es/recurso/territorio/Municipio/Orés",104.0
"http://opendata.aragon.es/recurso/territorio/Municipio/Oseja",44.0
"http://opendata.aragon.es/recurso/territorio/Municipio/Osera_de_Ebro",447.0
"http://opendata.aragon.es/recurso/territorio/Municipio/Paniza",754.0
"http://opendata.aragon.es/recurso/territorio/Municipio/Paracuellos_de_Jiloca",567.0
"http://opendata.aragon.es/recurso/territorio/Municipio/Paracuellos_de_la_Ribera",172.0
"http://opendata.aragon.es/recurso/territorio/Municipio/Pastriz",1317.0
"http://opendata.aragon.es/recurso/territorio/Municipio/Pedrola",3680.0
"http://opendata.aragon.es/recurso/territorio/Municipio/Pedrosas_(Las)",111.0
"http://opendata.aragon.es/recurso/territorio/Municipio/Perdiguera",616.0
"http://opendata.aragon.es/recurso/territorio/Municipio/Piedratajada",126.0
"http://opendata.aragon.es/recurso/territorio/Municipio/Pina_de_Ebro",2615.0
"http://opendata.aragon.es/recurso/territorio/Municipio/Pinseque",3687.0
"http://opendata.aragon.es/recurso/territorio/Municipio/Pintanos_(Los)",48.0
"http://opendata.aragon.es/recurso/territorio/Municipio/Plasencia_de_Jalón",374.0
"http://opendata.aragon.es/recurso/territorio/Municipio/Pleitas",45.0
"http://opendata.aragon.es/recurso/territorio/Municipio/Plenas",128.0
"http://opendata.aragon.es/recurso/territorio/Municipio/Pomer",33.0
"http://opendata.aragon.es/recurso/territorio/Municipio/Pozuel_de_Ariza",22.0
"http://opendata.aragon.es/recurso/territorio/Municipio/Pozuelo_de_Aragón",318.0
"http://opendata.aragon.es/recurso/territorio/Municipio/Pradilla_de_Ebro",624.0
"http://opendata.aragon.es/recurso/territorio/Municipio/Puebla_de_Albortón",125.0
"http://opendata.aragon.es/recurso/territorio/Municipio/Puebla_de_Alfindén_(La)",5784.0
"http://opendata.aragon.es/recurso/territorio/Municipio/Puendeluna",55.0
"http://opendata.aragon.es/recurso/territorio/Municipio/Purujosa",39.0
"http://opendata.aragon.es/recurso/territorio/Municipio/Quinto",2085.0
"http://opendata.aragon.es/recurso/territorio/Municipio/Remolinos",1144.0
"http://opendata.aragon.es/recurso/territorio/Municipio/Retascón",70.0
"http://opendata.aragon.es/recurso/territorio/Municipio/Ricla",3225.0
"http://opendata.aragon.es/recurso/territorio/Municipio/Romanos",114.0
"http://opendata.aragon.es/recurso/territorio/Municipio/Rueda_de_Jalón",343.0
"http://opendata.aragon.es/recurso/territorio/Municipio/Ruesca",76.0
"http://opendata.aragon.es/recurso/territorio/Municipio/Sádaba",1506.0
"http://opendata.aragon.es/recurso/territorio/Municipio/Salillas_de_Jalón",337.0
"http://opendata.aragon.es/recurso/territorio/Municipio/Salvatierra_de_Esca",211.0
"http://opendata.aragon.es/recurso/territorio/Municipio/Samper_del_Salz",109.0
"http://opendata.aragon.es/recurso/territorio/Municipio/San_Martín_de_la_Virgen_de_Moncayo",292.0
"http://opendata.aragon.es/recurso/territorio/Municipio/San_Mateo_de_Gállego",3190.0
"http://opendata.aragon.es/recurso/territorio/Municipio/Santa_Cruz_de_Grío",136.0
"http://opendata.aragon.es/recurso/territorio/Municipio/Santa_Cruz_de_Moncayo",143.0
"http://opendata.aragon.es/recurso/territorio/Municipio/Santa_Eulalia_de_Gállego",123.0
"http://opendata.aragon.es/recurso/territorio/Municipio/Santed",66.0
"http://opendata.aragon.es/recurso/territorio/Municipio/Sástago",1249.0
"http://opendata.aragon.es/recurso/territorio/Municipio/Saviñán",770.0
"http://opendata.aragon.es/recurso/territorio/Municipio/Sediles",108.0
"http://opendata.aragon.es/recurso/territorio/Municipio/Sestrica",400.0
"http://opendata.aragon.es/recurso/territorio/Municipio/Sierra_de_Luna",262.0
"http://opendata.aragon.es/recurso/territorio/Municipio/Sigüés",113.0
"http://opendata.aragon.es/recurso/territorio/Municipio/Sisamón",39.0
"http://opendata.aragon.es/recurso/territorio/Municipio/Sobradiel",1054.0
"http://opendata.aragon.es/recurso/territorio/Municipio/Sos_del_Rey_Católico",635.0
"http://opendata.aragon.es/recurso/territorio/Municipio/Tabuenca",369.0
"http://opendata.aragon.es/recurso/territorio/Municipio/Talamantes",60.0
"http://opendata.aragon.es/recurso/territorio/Municipio/Tarazona",10863.0
"http://opendata.aragon.es/recurso/territorio/Municipio/Tauste",7190.0
"http://opendata.aragon.es/recurso/territorio/Municipio/Terrer",586.0
"http://opendata.aragon.es/recurso/territorio/Municipio/Tierga",195.0
"http://opendata.aragon.es/recurso/territorio/Municipio/Tobed",236.0
"http://opendata.aragon.es/recurso/territorio/Municipio/Torralba_de_los_Frailes",88.0
"http://opendata.aragon.es/recurso/territorio/Municipio/Torralba_de_Ribota",203.0
"http://opendata.aragon.es/recurso/territorio/Municipio/Torralbilla",57.0
"http://opendata.aragon.es/recurso/territorio/Municipio/Torrehermosa",70.0
"http://opendata.aragon.es/recurso/territorio/Municipio/Torrelapaja",37.0
"http://opendata.aragon.es/recurso/territorio/Municipio/Torrellas",287.0
"http://opendata.aragon.es/recurso/territorio/Municipio/Torres_de_Berrellén",1501.0
"http://opendata.aragon.es/recurso/territorio/Municipio/Torrijo_de_la_Cañada",277.0
"http://opendata.aragon.es/recurso/territorio/Municipio/Tosos",210.0
"http://opendata.aragon.es/recurso/territorio/Municipio/Trasmoz",74.0
"http://opendata.aragon.es/recurso/territorio/Municipio/Trasobares",140.0
"http://opendata.aragon.es/recurso/territorio/Municipio/Uncastillo",712.0
"http://opendata.aragon.es/recurso/territorio/Municipio/Undués_de_Lerda",60.0
"http://opendata.aragon.es/recurso/territorio/Municipio/Urrea_de_Jalón",406.0
"http://opendata.aragon.es/recurso/territorio/Municipio/Urriés",41.0
"http://opendata.aragon.es/recurso/territorio/Municipio/Used",303.0
"http://opendata.aragon.es/recurso/territorio/Municipio/Utebo",18336.0
"http://opendata.aragon.es/recurso/territorio/Municipio/Valdehorna",29.0
"http://opendata.aragon.es/recurso/territorio/Municipio/Val_de_San_Martín",76.0
"http://opendata.aragon.es/recurso/territorio/Municipio/Valmadrid",138.0
"http://opendata.aragon.es/recurso/territorio/Municipio/Valpalmas",151.0
"http://opendata.aragon.es/recurso/territorio/Municipio/Valtorres",92.0
"http://opendata.aragon.es/recurso/territorio/Municipio/Velilla_de_Ebro",243.0
"http://opendata.aragon.es/recurso/territorio/Municipio/Velilla_de_Jiloca",116.0
"http://opendata.aragon.es/recurso/territorio/Municipio/Vera_de_Moncayo",406.0
"http://opendata.aragon.es/recurso/territorio/Municipio/Vierlas",91.0
"http://opendata.aragon.es/recurso/territorio/Municipio/Vilueña_(La)",109.0
"http://opendata.aragon.es/recurso/territorio/Municipio/Villadoz",93.0
"http://opendata.aragon.es/recurso/territorio/Municipio/Villafeliche",206.0
"http://opendata.aragon.es/recurso/territorio/Municipio/Villafranca_de_Ebro",834.0
"http://opendata.aragon.es/recurso/territorio/Municipio/Villalba_de_Perejil",108.0
"http://opendata.aragon.es/recurso/territorio/Municipio/Villalengua",376.0
"http://opendata.aragon.es/recurso/territorio/Municipio/Villanueva_de_Gállego",4606.0
"http://opendata.aragon.es/recurso/territorio/Municipio/Villanueva_de_Jiloca",57.0
"http://opendata.aragon.es/recurso/territorio/Municipio/Villanueva_de_Huerva",534.0
"http://opendata.aragon.es/recurso/territorio/Municipio/Villar_de_los_Navarros",113.0
"http://opendata.aragon.es/recurso/territorio/Municipio/Villarreal_de_Huerva",219.0
"http://opendata.aragon.es/recurso/territorio/Municipio/Villarroya_de_la_Sierra",535.0
"http://opendata.aragon.es/recurso/territorio/Municipio/Villarroya_del_Campo",78.0
"http://opendata.aragon.es/recurso/territorio/Municipio/Vistabella",49.0
"http://opendata.aragon.es/recurso/territorio/Municipio/Zaida_(La)",486.0
"http://opendata.aragon.es/recurso/territorio/Municipio/Zaragoza",682004.0
"http://opendata.aragon.es/recurso/territorio/Municipio/Zuera",7817.0
"http://opendata.aragon.es/recurso/territorio/Municipio/Biel",167.0
"http://opendata.aragon.es/recurso/territorio/Municipio/Marracos",101.0
"http://opendata.aragon.es/recurso/territorio/Municipio/Villamayor_de_Gállego",2837.0