MUN_URI,DBPEDIA_LINK
"http://opendata.aragon.es/recurso/territorio/Municipio/Aísa","http://es.dbpedia.org/resource/Aísa"
"http://opendata.aragon.es/recurso/territorio/Municipio/Abanto","http://es.dbpedia.org/resource/Abanto"
"http://opendata.aragon.es/recurso/territorio/Municipio/Abiego","http://es.dbpedia.org/resource/Abiego"
"http://opendata.aragon.es/recurso/territorio/Municipio/Abizanda","http://es.dbpedia.org/resource/Abizanda"
"http://opendata.aragon.es/recurso/territorio/Municipio/Albalatillo","http://es.dbpedia.org/resource/Albalatillo"
"http://opendata.aragon.es/recurso/territorio/Municipio/Adahuesca","http://es.dbpedia.org/resource/Adahuesca"
"http://opendata.aragon.es/recurso/territorio/Municipio/Agüero","http://es.dbpedia.org/resource/Agüero"
"http://opendata.aragon.es/recurso/territorio/Municipio/Albelda","http://es.dbpedia.org/resource/Albelda"
"http://opendata.aragon.es/recurso/territorio/Municipio/Alcampell","http://es.dbpedia.org/resource/Alcampell"
"http://opendata.aragon.es/recurso/territorio/Municipio/Alcubierre","http://es.dbpedia.org/resource/Alcubierre"
"http://opendata.aragon.es/recurso/territorio/Municipio/Alfántega","http://es.dbpedia.org/resource/Alfántega"
"http://opendata.aragon.es/recurso/territorio/Municipio/Alerre","http://es.dbpedia.org/resource/Alerre"
"http://opendata.aragon.es/recurso/territorio/Municipio/Almudévar","http://es.dbpedia.org/resource/Almudévar"
"http://opendata.aragon.es/recurso/territorio/Municipio/Almuniente","http://es.dbpedia.org/resource/Almuniente"
"http://opendata.aragon.es/recurso/territorio/Municipio/Alquézar","http://es.dbpedia.org/resource/Alquézar"
"http://opendata.aragon.es/recurso/territorio/Municipio/Altorricón","http://es.dbpedia.org/resource/Altorricón"
"http://opendata.aragon.es/recurso/territorio/Municipio/Angüés","http://es.dbpedia.org/resource/Angüés"
"http://opendata.aragon.es/recurso/territorio/Municipio/Ansó","http://es.dbpedia.org/resource/Ansó"
"http://opendata.aragon.es/recurso/territorio/Municipio/Antillón","http://es.dbpedia.org/resource/Antillón"
"http://opendata.aragon.es/recurso/territorio/Municipio/Arén","http://es.dbpedia.org/resource/Arén"
"http://opendata.aragon.es/recurso/territorio/Municipio/Argavieso","http://es.dbpedia.org/resource/Argavieso"
"http://opendata.aragon.es/recurso/territorio/Municipio/Arguis","http://es.dbpedia.org/resource/Arguis"
"http://opendata.aragon.es/recurso/territorio/Municipio/Azanuy-Alins","http://es.dbpedia.org/resource/Azanuy-Alins"
"http://opendata.aragon.es/recurso/territorio/Municipio/Ayerbe","http://es.dbpedia.org/resource/Ayerbe"
"http://opendata.aragon.es/recurso/territorio/Municipio/Azara","http://es.dbpedia.org/resource/Azara"
"http://opendata.aragon.es/recurso/territorio/Municipio/Baells","http://es.dbpedia.org/resource/Baells"
"http://opendata.aragon.es/recurso/territorio/Municipio/Azlor","http://es.dbpedia.org/resource/Azlor"
"http://opendata.aragon.es/recurso/territorio/Municipio/Bailo","http://es.dbpedia.org/resource/Bailo"
"http://opendata.aragon.es/recurso/territorio/Municipio/Baldellou","http://es.dbpedia.org/resource/Baldellou"
"http://opendata.aragon.es/recurso/territorio/Municipio/Ballobar","http://es.dbpedia.org/resource/Ballobar"
"http://opendata.aragon.es/recurso/territorio/Municipio/Banastás","http://es.dbpedia.org/resource/Banastás"
"http://opendata.aragon.es/recurso/territorio/Municipio/Barbastro","http://es.dbpedia.org/resource/Barbastro"
"http://opendata.aragon.es/recurso/territorio/Municipio/Barbués","http://es.dbpedia.org/resource/Barbués"
"http://opendata.aragon.es/recurso/territorio/Municipio/Barbuñales","http://es.dbpedia.org/resource/Barbuñales"
"http://opendata.aragon.es/recurso/territorio/Municipio/Bárcabo","http://es.dbpedia.org/resource/Bárcabo"
"http://opendata.aragon.es/recurso/territorio/Municipio/Benabarre","http://es.dbpedia.org/resource/Benabarre"
"http://opendata.aragon.es/recurso/territorio/Municipio/Benasque","http://es.dbpedia.org/resource/Benasque"
"http://opendata.aragon.es/recurso/territorio/Municipio/Berbegal","http://es.dbpedia.org/resource/Berbegal"
"http://opendata.aragon.es/recurso/territorio/Municipio/Bielsa","http://es.dbpedia.org/resource/Bielsa"
"http://opendata.aragon.es/recurso/territorio/Municipio/Bierge","http://es.dbpedia.org/resource/Bierge"
"http://opendata.aragon.es/recurso/territorio/Municipio/Biescas","http://es.dbpedia.org/resource/Biescas"
"http://opendata.aragon.es/recurso/territorio/Municipio/Binaced","http://es.dbpedia.org/resource/Binaced"
"http://opendata.aragon.es/recurso/territorio/Municipio/Binéfar","http://es.dbpedia.org/resource/Binéfar"
"http://opendata.aragon.es/recurso/territorio/Municipio/Bisaurri","http://es.dbpedia.org/resource/Bisaurri"
"http://opendata.aragon.es/recurso/territorio/Municipio/Biscarrués","http://es.dbpedia.org/resource/Biscarrués"
"http://opendata.aragon.es/recurso/territorio/Municipio/Bonansa","http://es.dbpedia.org/resource/Bonansa"
"http://opendata.aragon.es/recurso/territorio/Municipio/Boltaña","http://es.dbpedia.org/resource/Boltaña"
"http://opendata.aragon.es/recurso/territorio/Municipio/Camporrells","http://es.dbpedia.org/resource/Camporrells"
"http://opendata.aragon.es/recurso/territorio/Municipio/Borau","http://es.dbpedia.org/resource/Borau"
"http://opendata.aragon.es/recurso/territorio/Municipio/Broto","http://es.dbpedia.org/resource/Broto"
"http://opendata.aragon.es/recurso/territorio/Municipio/Caldearenas","http://es.dbpedia.org/resource/Caldearenas"
"http://opendata.aragon.es/recurso/territorio/Municipio/Campo","http://es.dbpedia.org/resource/Campo"
"http://opendata.aragon.es/recurso/territorio/Municipio/Candasnos","http://es.dbpedia.org/resource/Candasnos"
"http://opendata.aragon.es/recurso/territorio/Municipio/Canfranc","http://es.dbpedia.org/resource/Canfranc"
"http://opendata.aragon.es/recurso/territorio/Municipio/Capdesaso","http://es.dbpedia.org/resource/Capdesaso"
"http://opendata.aragon.es/recurso/territorio/Municipio/Capella","http://es.dbpedia.org/resource/Capella"
"http://opendata.aragon.es/recurso/territorio/Municipio/Castelflorite","http://es.dbpedia.org/resource/Castelflorite"
"http://opendata.aragon.es/recurso/territorio/Municipio/Castigaleu","http://es.dbpedia.org/resource/Castigaleu"
"http://opendata.aragon.es/recurso/territorio/Municipio/Castillazuelo","http://es.dbpedia.org/resource/Castillazuelo"
"http://opendata.aragon.es/recurso/territorio/Municipio/Castillonroy","http://es.dbpedia.org/resource/Castillonroy"
"http://opendata.aragon.es/recurso/territorio/Municipio/Chalamera","http://es.dbpedia.org/resource/Chalamera"
"http://opendata.aragon.es/recurso/territorio/Municipio/Colungo","http://es.dbpedia.org/resource/Colungo"
"http://opendata.aragon.es/recurso/territorio/Municipio/Chimillas","http://es.dbpedia.org/resource/Chimillas"
"http://opendata.aragon.es/recurso/territorio/Municipio/Estada","http://es.dbpedia.org/resource/Estada"
"http://opendata.aragon.es/recurso/territorio/Municipio/Esplús","http://es.dbpedia.org/resource/Esplús"
"http://opendata.aragon.es/recurso/territorio/Municipio/Fago","http://es.dbpedia.org/resource/Fago"
"http://opendata.aragon.es/recurso/territorio/Municipio/Estadilla","http://es.dbpedia.org/resource/Estadilla"
"http://opendata.aragon.es/recurso/territorio/Municipio/Chía","http://es.dbpedia.org/resource/Chía"
"http://opendata.aragon.es/recurso/territorio/Municipio/Fanlo","http://es.dbpedia.org/resource/Fanlo"
"http://opendata.aragon.es/recurso/territorio/Municipio/Fiscal","http://es.dbpedia.org/resource/Fiscal"
"http://opendata.aragon.es/recurso/territorio/Municipio/Fonz","http://es.dbpedia.org/resource/Fonz"
"http://opendata.aragon.es/recurso/territorio/Municipio/Gistaín","http://es.dbpedia.org/resource/Gistaín"
"http://opendata.aragon.es/recurso/territorio/Municipio/Fraga","http://es.dbpedia.org/resource/Fraga"
"http://opendata.aragon.es/recurso/territorio/Municipio/Grañén","http://es.dbpedia.org/resource/Grañén"
"http://opendata.aragon.es/recurso/territorio/Municipio/Graus","http://es.dbpedia.org/resource/Graus"
"http://opendata.aragon.es/recurso/territorio/Municipio/Huerto","http://es.dbpedia.org/resource/Huerto"
"http://opendata.aragon.es/recurso/territorio/Municipio/Ibieca","http://es.dbpedia.org/resource/Ibieca"
"http://opendata.aragon.es/recurso/territorio/Municipio/Igriés","http://es.dbpedia.org/resource/Igriés"
"http://opendata.aragon.es/recurso/territorio/Municipio/Huesca","http://es.dbpedia.org/resource/Huesca"
"http://opendata.aragon.es/recurso/territorio/Municipio/Ilche","http://es.dbpedia.org/resource/Ilche"
"http://opendata.aragon.es/recurso/territorio/Municipio/Isábena","http://es.dbpedia.org/resource/Isábena"
"http://opendata.aragon.es/recurso/territorio/Municipio/Jaca","http://es.dbpedia.org/resource/Jaca"
"http://opendata.aragon.es/recurso/territorio/Municipio/Labuerda","http://es.dbpedia.org/resource/Labuerda"
"http://opendata.aragon.es/recurso/territorio/Municipio/Jasa","http://es.dbpedia.org/resource/Jasa"
"http://opendata.aragon.es/recurso/territorio/Municipio/Laluenga","http://es.dbpedia.org/resource/Laluenga"
"http://opendata.aragon.es/recurso/territorio/Municipio/Lalueza","http://es.dbpedia.org/resource/Lalueza"
"http://opendata.aragon.es/recurso/territorio/Municipio/Lanaja","http://es.dbpedia.org/resource/Lanaja"
"http://opendata.aragon.es/recurso/territorio/Municipio/Laperdiguera","http://es.dbpedia.org/resource/Laperdiguera"
"http://opendata.aragon.es/recurso/territorio/Municipio/Lascellas-Ponzano","http://es.dbpedia.org/resource/Lascellas-Ponzano"
"http://opendata.aragon.es/recurso/territorio/Municipio/Loarre","http://es.dbpedia.org/resource/Loarre"
"http://opendata.aragon.es/recurso/territorio/Municipio/Laspuña","http://es.dbpedia.org/resource/Laspuña"
"http://opendata.aragon.es/recurso/territorio/Municipio/Lascuarre","http://es.dbpedia.org/resource/Lascuarre"
"http://opendata.aragon.es/recurso/territorio/Municipio/Laspaúles","http://es.dbpedia.org/resource/Laspaúles"
"http://opendata.aragon.es/recurso/territorio/Municipio/Loporzano","http://es.dbpedia.org/resource/Loporzano"
"http://opendata.aragon.es/recurso/territorio/Municipio/Loscorrales","http://es.dbpedia.org/resource/Loscorrales"
"http://opendata.aragon.es/recurso/territorio/Municipio/Montanuy","http://es.dbpedia.org/resource/Montanuy"
"http://opendata.aragon.es/recurso/territorio/Municipio/Monflorite-Lascasas","http://es.dbpedia.org/resource/Monflorite-Lascasas"
"http://opendata.aragon.es/recurso/territorio/Municipio/Monzón","http://es.dbpedia.org/resource/Monzón"
"http://opendata.aragon.es/recurso/territorio/Municipio/Naval","http://es.dbpedia.org/resource/Naval"
"http://opendata.aragon.es/recurso/territorio/Municipio/Novales","http://es.dbpedia.org/resource/Novales"
"http://opendata.aragon.es/recurso/territorio/Municipio/Nueno","http://es.dbpedia.org/resource/Nueno"
"http://opendata.aragon.es/recurso/territorio/Municipio/Olvena","http://es.dbpedia.org/resource/Olvena"
"http://opendata.aragon.es/recurso/territorio/Municipio/Ontiñena","http://es.dbpedia.org/resource/Ontiñena"
"http://opendata.aragon.es/recurso/territorio/Municipio/Panticosa","http://es.dbpedia.org/resource/Panticosa"
"http://opendata.aragon.es/recurso/territorio/Municipio/Palo","http://es.dbpedia.org/resource/Palo"
"http://opendata.aragon.es/recurso/territorio/Municipio/Peñalba","http://es.dbpedia.org/resource/Peñalba"
"http://opendata.aragon.es/recurso/territorio/Municipio/Perarrúa","http://es.dbpedia.org/resource/Perarrúa"
"http://opendata.aragon.es/recurso/territorio/Municipio/Pertusa","http://es.dbpedia.org/resource/Pertusa"
"http://opendata.aragon.es/recurso/territorio/Municipio/Peraltilla","http://es.dbpedia.org/resource/Peraltilla"
"http://opendata.aragon.es/recurso/territorio/Municipio/Piracés","http://es.dbpedia.org/resource/Piracés"
"http://opendata.aragon.es/recurso/territorio/Municipio/Poleñino","http://es.dbpedia.org/resource/Poleñino"
"http://opendata.aragon.es/recurso/territorio/Municipio/Plan","http://es.dbpedia.org/resource/Plan"
"http://opendata.aragon.es/recurso/territorio/Municipio/Puértolas","http://es.dbpedia.org/resource/Puértolas"
"http://opendata.aragon.es/recurso/territorio/Municipio/Quicena","http://es.dbpedia.org/resource/Quicena"
"http://opendata.aragon.es/recurso/territorio/Municipio/Robres","http://es.dbpedia.org/resource/Robres"
"http://opendata.aragon.es/recurso/territorio/Municipio/Sabiñánigo","http://es.dbpedia.org/resource/Sabiñánigo"
"http://opendata.aragon.es/recurso/territorio/Municipio/Sahún","http://es.dbpedia.org/resource/Sahún"
"http://opendata.aragon.es/recurso/territorio/Municipio/Salillas","http://es.dbpedia.org/resource/Salillas"
"http://opendata.aragon.es/recurso/territorio/Municipio/Sangarrén","http://es.dbpedia.org/resource/Sangarrén"
"http://opendata.aragon.es/recurso/territorio/Municipio/Sariñena","http://es.dbpedia.org/resource/Sariñena"
"http://opendata.aragon.es/recurso/territorio/Municipio/Secastilla","http://es.dbpedia.org/resource/Secastilla"
"http://opendata.aragon.es/recurso/territorio/Municipio/Seira","http://es.dbpedia.org/resource/Seira"
"http://opendata.aragon.es/recurso/territorio/Municipio/Sena","http://es.dbpedia.org/resource/Sena"
"http://opendata.aragon.es/recurso/territorio/Municipio/Sesué","http://es.dbpedia.org/resource/Sesué"
"http://opendata.aragon.es/recurso/territorio/Municipio/Siétamo","http://es.dbpedia.org/resource/Siétamo"
"http://opendata.aragon.es/recurso/territorio/Municipio/Sesa","http://es.dbpedia.org/resource/Sesa"
"http://opendata.aragon.es/recurso/territorio/Municipio/Sopeira","http://es.dbpedia.org/resource/Sopeira"
"http://opendata.aragon.es/recurso/territorio/Municipio/Tella-Sin","http://es.dbpedia.org/resource/Tella-Sin"
"http://opendata.aragon.es/recurso/territorio/Municipio/Tierz","http://es.dbpedia.org/resource/Tierz"
"http://opendata.aragon.es/recurso/territorio/Municipio/Tardienta","http://es.dbpedia.org/resource/Tardienta"
"http://opendata.aragon.es/recurso/territorio/Municipio/Tolva","http://es.dbpedia.org/resource/Tolva"
"http://opendata.aragon.es/recurso/territorio/Municipio/Torla","http://es.dbpedia.org/resource/Torla"
"http://opendata.aragon.es/recurso/territorio/Municipio/Tramaced","http://es.dbpedia.org/resource/Tramaced"
"http://opendata.aragon.es/recurso/territorio/Municipio/Valfarta","http://es.dbpedia.org/resource/Valfarta"
"http://opendata.aragon.es/recurso/territorio/Municipio/Veracruz","http://es.dbpedia.org/resource/Veracruz"
"http://opendata.aragon.es/recurso/territorio/Municipio/Villanova","http://es.dbpedia.org/resource/Villanova"
"http://opendata.aragon.es/recurso/territorio/Municipio/Vicién","http://es.dbpedia.org/resource/Vicién"
"http://opendata.aragon.es/recurso/territorio/Municipio/Villanúa","http://es.dbpedia.org/resource/Villanúa"
"http://opendata.aragon.es/recurso/territorio/Municipio/Yésero","http://es.dbpedia.org/resource/Yésero"
"http://opendata.aragon.es/recurso/territorio/Municipio/Zaidín","http://es.dbpedia.org/resource/Zaidín"
"http://opendata.aragon.es/recurso/territorio/Municipio/Abejuela","http://es.dbpedia.org/resource/Abejuela"
"http://opendata.aragon.es/recurso/territorio/Municipio/Aínsa-Sobrarbe","http://es.dbpedia.org/resource/Aínsa-Sobrarbe"
"http://opendata.aragon.es/recurso/territorio/Municipio/Ababuj","http://es.dbpedia.org/resource/Ababuj"
"http://opendata.aragon.es/recurso/territorio/Municipio/Vencillón","http://es.dbpedia.org/resource/Vencillón"
"http://opendata.aragon.es/recurso/territorio/Municipio/Aguatón","http://es.dbpedia.org/resource/Aguatón"
"http://opendata.aragon.es/recurso/territorio/Municipio/Lupiñén-Ortilla","http://es.dbpedia.org/resource/Lupiñén-Ortilla"
"http://opendata.aragon.es/recurso/territorio/Municipio/Aguaviva","http://es.dbpedia.org/resource/Aguaviva"
"http://opendata.aragon.es/recurso/territorio/Municipio/Alacón","http://es.dbpedia.org/resource/Alacón"
"http://opendata.aragon.es/recurso/territorio/Municipio/Alba","http://es.dbpedia.org/resource/Alba"
"http://opendata.aragon.es/recurso/territorio/Municipio/Albentosa","http://es.dbpedia.org/resource/Albentosa"
"http://opendata.aragon.es/recurso/territorio/Municipio/Albarracín","http://es.dbpedia.org/resource/Albarracín"
"http://opendata.aragon.es/recurso/territorio/Municipio/Alcorisa","http://es.dbpedia.org/resource/Alcorisa"
"http://opendata.aragon.es/recurso/territorio/Municipio/Alcaine","http://es.dbpedia.org/resource/Alcaine"
"http://opendata.aragon.es/recurso/territorio/Municipio/Alfambra","http://es.dbpedia.org/resource/Alfambra"
"http://opendata.aragon.es/recurso/territorio/Municipio/Alcañiz","http://es.dbpedia.org/resource/Alcañiz"
"http://opendata.aragon.es/recurso/territorio/Municipio/Almohaja","http://es.dbpedia.org/resource/Almohaja"
"http://opendata.aragon.es/recurso/territorio/Municipio/Aliaga","http://es.dbpedia.org/resource/Aliaga"
"http://opendata.aragon.es/recurso/territorio/Municipio/Alobras","http://es.dbpedia.org/resource/Alobras"
"http://opendata.aragon.es/recurso/territorio/Municipio/Alpeñés","http://es.dbpedia.org/resource/Alpeñés"
"http://opendata.aragon.es/recurso/territorio/Municipio/Allepuz","http://es.dbpedia.org/resource/Allepuz"
"http://opendata.aragon.es/recurso/territorio/Municipio/Alloza","http://es.dbpedia.org/resource/Alloza"
"http://opendata.aragon.es/recurso/territorio/Municipio/Allueva","http://es.dbpedia.org/resource/Allueva"
"http://opendata.aragon.es/recurso/territorio/Municipio/Andorra","http://es.dbpedia.org/resource/Andorra"
"http://opendata.aragon.es/recurso/territorio/Municipio/Anadón","http://es.dbpedia.org/resource/Anadón"
"http://opendata.aragon.es/recurso/territorio/Municipio/Argente","http://es.dbpedia.org/resource/Argente"
"http://opendata.aragon.es/recurso/territorio/Municipio/Azaila","http://es.dbpedia.org/resource/Azaila"
"http://opendata.aragon.es/recurso/territorio/Municipio/Bádenas","http://es.dbpedia.org/resource/Bádenas"
"http://opendata.aragon.es/recurso/territorio/Municipio/Báguena","http://es.dbpedia.org/resource/Báguena"
"http://opendata.aragon.es/recurso/territorio/Municipio/Bañón","http://es.dbpedia.org/resource/Bañón"
"http://opendata.aragon.es/recurso/territorio/Municipio/Bea","http://es.dbpedia.org/resource/Bea"
"http://opendata.aragon.es/recurso/territorio/Municipio/Ariño","http://es.dbpedia.org/resource/Ariño"
"http://opendata.aragon.es/recurso/territorio/Municipio/Beceite","http://es.dbpedia.org/resource/Beceite"
"http://opendata.aragon.es/recurso/territorio/Municipio/Barrachina","http://es.dbpedia.org/resource/Barrachina"
"http://opendata.aragon.es/recurso/territorio/Municipio/Bello","http://es.dbpedia.org/resource/Bello"
"http://opendata.aragon.es/recurso/territorio/Municipio/Berge","http://es.dbpedia.org/resource/Berge"
"http://opendata.aragon.es/recurso/territorio/Municipio/Blesa","http://es.dbpedia.org/resource/Blesa"
"http://opendata.aragon.es/recurso/territorio/Municipio/Blancas","http://es.dbpedia.org/resource/Blancas"
"http://opendata.aragon.es/recurso/territorio/Municipio/Bezas","http://es.dbpedia.org/resource/Bezas"
"http://opendata.aragon.es/recurso/territorio/Municipio/Bordón","http://es.dbpedia.org/resource/Bordón"
"http://opendata.aragon.es/recurso/territorio/Municipio/Bronchales","http://es.dbpedia.org/resource/Bronchales"
"http://opendata.aragon.es/recurso/territorio/Municipio/Burbáguena","http://es.dbpedia.org/resource/Burbáguena"
"http://opendata.aragon.es/recurso/territorio/Municipio/Bueña","http://es.dbpedia.org/resource/Bueña"
"http://opendata.aragon.es/recurso/territorio/Municipio/Calamocha","http://es.dbpedia.org/resource/Calamocha"
"http://opendata.aragon.es/recurso/territorio/Municipio/Calaceite","http://es.dbpedia.org/resource/Calaceite"
"http://opendata.aragon.es/recurso/territorio/Municipio/Calomarde","http://es.dbpedia.org/resource/Calomarde"
"http://opendata.aragon.es/recurso/territorio/Municipio/Calanda","http://es.dbpedia.org/resource/Calanda"
"http://opendata.aragon.es/recurso/territorio/Municipio/Camañas","http://es.dbpedia.org/resource/Camañas"
"http://opendata.aragon.es/recurso/territorio/Municipio/Caminreal","http://es.dbpedia.org/resource/Caminreal"
"http://opendata.aragon.es/recurso/territorio/Municipio/Camarillas","http://es.dbpedia.org/resource/Camarillas"
"http://opendata.aragon.es/recurso/territorio/Municipio/Cantavieja","http://es.dbpedia.org/resource/Cantavieja"
"http://opendata.aragon.es/recurso/territorio/Municipio/Castelnou","http://es.dbpedia.org/resource/Castelnou"
"http://opendata.aragon.es/recurso/territorio/Municipio/Castelserás","http://es.dbpedia.org/resource/Castelserás"
"http://opendata.aragon.es/recurso/territorio/Municipio/Castellote","http://es.dbpedia.org/resource/Castellote"
"http://opendata.aragon.es/recurso/territorio/Municipio/Celadas","http://es.dbpedia.org/resource/Celadas"
"http://opendata.aragon.es/recurso/territorio/Municipio/Cedrillas","http://es.dbpedia.org/resource/Cedrillas"
"http://opendata.aragon.es/recurso/territorio/Municipio/Cella","http://es.dbpedia.org/resource/Cella"
"http://opendata.aragon.es/recurso/territorio/Municipio/Cosa","http://es.dbpedia.org/resource/Cosa"
"http://opendata.aragon.es/recurso/territorio/Municipio/Corbalán","http://es.dbpedia.org/resource/Corbalán"
"http://opendata.aragon.es/recurso/territorio/Municipio/Crivillén","http://es.dbpedia.org/resource/Crivillén"
"http://opendata.aragon.es/recurso/territorio/Municipio/Cucalón","http://es.dbpedia.org/resource/Cucalón"
"http://opendata.aragon.es/recurso/territorio/Municipio/Cretas","http://es.dbpedia.org/resource/Cretas"
"http://opendata.aragon.es/recurso/territorio/Municipio/Escucha","http://es.dbpedia.org/resource/Escucha"
"http://opendata.aragon.es/recurso/territorio/Municipio/Ejulve","http://es.dbpedia.org/resource/Ejulve"
"http://opendata.aragon.es/recurso/territorio/Municipio/Escorihuela","http://es.dbpedia.org/resource/Escorihuela"
"http://opendata.aragon.es/recurso/territorio/Municipio/Estercuel","http://es.dbpedia.org/resource/Estercuel"
"http://opendata.aragon.es/recurso/territorio/Municipio/Cubla","http://es.dbpedia.org/resource/Cubla"
"http://opendata.aragon.es/recurso/territorio/Municipio/Fonfría","http://es.dbpedia.org/resource/Fonfría"
"http://opendata.aragon.es/recurso/territorio/Municipio/Fórnoles","http://es.dbpedia.org/resource/Fórnoles"
"http://opendata.aragon.es/recurso/territorio/Municipio/Fortanete","http://es.dbpedia.org/resource/Fortanete"
"http://opendata.aragon.es/recurso/territorio/Municipio/Foz-Calanda","http://es.dbpedia.org/resource/Foz-Calanda"
"http://opendata.aragon.es/recurso/territorio/Municipio/Fuenferrada","http://es.dbpedia.org/resource/Fuenferrada"
"http://opendata.aragon.es/recurso/territorio/Municipio/Fuentespalda","http://es.dbpedia.org/resource/Fuentespalda"
"http://opendata.aragon.es/recurso/territorio/Municipio/Gargallo","http://es.dbpedia.org/resource/Gargallo"
"http://opendata.aragon.es/recurso/territorio/Municipio/Galve","http://es.dbpedia.org/resource/Galve"
"http://opendata.aragon.es/recurso/territorio/Municipio/Griegos","http://es.dbpedia.org/resource/Griegos"
"http://opendata.aragon.es/recurso/territorio/Municipio/Guadalaviar","http://es.dbpedia.org/resource/Guadalaviar"
"http://opendata.aragon.es/recurso/territorio/Municipio/Gúdar","http://es.dbpedia.org/resource/Gúdar"
"http://opendata.aragon.es/recurso/territorio/Municipio/Híjar","http://es.dbpedia.org/resource/Híjar"
"http://opendata.aragon.es/recurso/territorio/Municipio/Jabaloyas","http://es.dbpedia.org/resource/Jabaloyas"
"http://opendata.aragon.es/recurso/territorio/Municipio/Jorcas","http://es.dbpedia.org/resource/Jorcas"
"http://opendata.aragon.es/recurso/territorio/Municipio/Josa","http://es.dbpedia.org/resource/Josa"
"http://opendata.aragon.es/recurso/territorio/Municipio/Jarque","http://es.dbpedia.org/resource/Jarque"
"http://opendata.aragon.es/recurso/territorio/Municipio/Lagueruela","http://es.dbpedia.org/resource/Lagueruela"
"http://opendata.aragon.es/recurso/territorio/Municipio/Jatiel","http://es.dbpedia.org/resource/Jatiel"
"http://opendata.aragon.es/recurso/territorio/Municipio/Lanzuela","http://es.dbpedia.org/resource/Lanzuela"
"http://opendata.aragon.es/recurso/territorio/Municipio/Libros","http://es.dbpedia.org/resource/Libros"
"http://opendata.aragon.es/recurso/territorio/Municipio/Lidón","http://es.dbpedia.org/resource/Lidón"
"http://opendata.aragon.es/recurso/territorio/Municipio/Loscos","http://es.dbpedia.org/resource/Loscos"
"http://opendata.aragon.es/recurso/territorio/Municipio/Lledó","http://es.dbpedia.org/resource/Lledó"
"http://opendata.aragon.es/recurso/territorio/Municipio/Maicas","http://es.dbpedia.org/resource/Maicas"
"http://opendata.aragon.es/recurso/territorio/Municipio/Manzanera","http://es.dbpedia.org/resource/Manzanera"
"http://opendata.aragon.es/recurso/territorio/Municipio/Mirambel","http://es.dbpedia.org/resource/Mirambel"
"http://opendata.aragon.es/recurso/territorio/Municipio/Mazaleón","http://es.dbpedia.org/resource/Mazaleón"
"http://opendata.aragon.es/recurso/territorio/Municipio/Molinos","http://es.dbpedia.org/resource/Molinos"
"http://opendata.aragon.es/recurso/territorio/Municipio/Montalbán","http://es.dbpedia.org/resource/Montalbán"
"http://opendata.aragon.es/recurso/territorio/Municipio/Monroyo","http://es.dbpedia.org/resource/Monroyo"
"http://opendata.aragon.es/recurso/territorio/Municipio/Moscardón","http://es.dbpedia.org/resource/Moscardón"
"http://opendata.aragon.es/recurso/territorio/Municipio/Mosqueruela","http://es.dbpedia.org/resource/Mosqueruela"
"http://opendata.aragon.es/recurso/territorio/Municipio/Muniesa","http://es.dbpedia.org/resource/Muniesa"
"http://opendata.aragon.es/recurso/territorio/Municipio/Nogueras","http://es.dbpedia.org/resource/Nogueras"
"http://opendata.aragon.es/recurso/territorio/Municipio/Monterde","http://es.dbpedia.org/resource/Monterde"
"http://opendata.aragon.es/recurso/territorio/Municipio/Obón","http://es.dbpedia.org/resource/Obón"
"http://opendata.aragon.es/recurso/territorio/Municipio/Nogueruelas","http://es.dbpedia.org/resource/Nogueruelas"
"http://opendata.aragon.es/recurso/territorio/Municipio/Odón","http://es.dbpedia.org/resource/Odón"
"http://opendata.aragon.es/recurso/territorio/Municipio/Olba","http://es.dbpedia.org/resource/Olba"
"http://opendata.aragon.es/recurso/territorio/Municipio/Oliete","http://es.dbpedia.org/resource/Oliete"
"http://opendata.aragon.es/recurso/territorio/Municipio/Orrios","http://es.dbpedia.org/resource/Orrios"
"http://opendata.aragon.es/recurso/territorio/Municipio/Pancrudo","http://es.dbpedia.org/resource/Pancrudo"
"http://opendata.aragon.es/recurso/territorio/Municipio/Peracense","http://es.dbpedia.org/resource/Peracense"
"http://opendata.aragon.es/recurso/territorio/Municipio/Peralejos","http://es.dbpedia.org/resource/Peralejos"
"http://opendata.aragon.es/recurso/territorio/Municipio/Pitarque","http://es.dbpedia.org/resource/Pitarque"
"http://opendata.aragon.es/recurso/territorio/Municipio/Plou","http://es.dbpedia.org/resource/Plou"
"http://opendata.aragon.es/recurso/territorio/Municipio/Pozondón","http://es.dbpedia.org/resource/Pozondón"
"http://opendata.aragon.es/recurso/territorio/Municipio/Ráfales","http://es.dbpedia.org/resource/Ráfales"
"http://opendata.aragon.es/recurso/territorio/Municipio/Puertomingalvo","http://es.dbpedia.org/resource/Puertomingalvo"
"http://opendata.aragon.es/recurso/territorio/Municipio/Riodeva","http://es.dbpedia.org/resource/Riodeva"
"http://opendata.aragon.es/recurso/territorio/Municipio/Rillo","http://es.dbpedia.org/resource/Rillo"
"http://opendata.aragon.es/recurso/territorio/Municipio/Ródenas","http://es.dbpedia.org/resource/Ródenas"
"http://opendata.aragon.es/recurso/territorio/Municipio/Royuela","http://es.dbpedia.org/resource/Royuela"
"http://opendata.aragon.es/recurso/territorio/Municipio/Rubiales","http://es.dbpedia.org/resource/Rubiales"
"http://opendata.aragon.es/recurso/territorio/Municipio/Salcedillo","http://es.dbpedia.org/resource/Salcedillo"
"http://opendata.aragon.es/recurso/territorio/Municipio/Saldón","http://es.dbpedia.org/resource/Saldón"
"http://opendata.aragon.es/recurso/territorio/Municipio/Sarrión","http://es.dbpedia.org/resource/Sarrión"
"http://opendata.aragon.es/recurso/territorio/Municipio/Seno","http://es.dbpedia.org/resource/Seno"
"http://opendata.aragon.es/recurso/territorio/Municipio/Singra","http://es.dbpedia.org/resource/Singra"
"http://opendata.aragon.es/recurso/territorio/Municipio/Terriente","http://es.dbpedia.org/resource/Terriente"
"http://opendata.aragon.es/recurso/territorio/Municipio/Teruel","http://es.dbpedia.org/resource/Teruel"
"http://opendata.aragon.es/recurso/territorio/Municipio/Tormón","http://es.dbpedia.org/resource/Tormón"
"http://opendata.aragon.es/recurso/territorio/Municipio/Tornos","http://es.dbpedia.org/resource/Tornos"
"http://opendata.aragon.es/recurso/territorio/Municipio/Torrelacárcel","http://es.dbpedia.org/resource/Torrelacárcel"
"http://opendata.aragon.es/recurso/territorio/Municipio/Torrevelilla","http://es.dbpedia.org/resource/Torrevelilla"
"http://opendata.aragon.es/recurso/territorio/Municipio/Torrijas","http://es.dbpedia.org/resource/Torrijas"
"http://opendata.aragon.es/recurso/territorio/Municipio/Tramacastiel","http://es.dbpedia.org/resource/Tramacastiel"
"http://opendata.aragon.es/recurso/territorio/Municipio/Tronchón","http://es.dbpedia.org/resource/Tronchón"
"http://opendata.aragon.es/recurso/territorio/Municipio/Tramacastilla","http://es.dbpedia.org/resource/Tramacastilla"
"http://opendata.aragon.es/recurso/territorio/Municipio/Utrillas","http://es.dbpedia.org/resource/Utrillas"
"http://opendata.aragon.es/recurso/territorio/Municipio/Valacloche","http://es.dbpedia.org/resource/Valacloche"
"http://opendata.aragon.es/recurso/territorio/Municipio/Valbona","http://es.dbpedia.org/resource/Valbona"
"http://opendata.aragon.es/recurso/territorio/Municipio/Valdealgorfa","http://es.dbpedia.org/resource/Valdealgorfa"
"http://opendata.aragon.es/recurso/territorio/Municipio/Valdecuenca","http://es.dbpedia.org/resource/Valdecuenca"
"http://opendata.aragon.es/recurso/territorio/Municipio/Valdeltormo","http://es.dbpedia.org/resource/Valdeltormo"
"http://opendata.aragon.es/recurso/territorio/Municipio/Valdelinares","http://es.dbpedia.org/resource/Valdelinares"
"http://opendata.aragon.es/recurso/territorio/Municipio/Valjunquera","http://es.dbpedia.org/resource/Valjunquera"
"http://opendata.aragon.es/recurso/territorio/Municipio/Valderrobres","http://es.dbpedia.org/resource/Valderrobres"
"http://opendata.aragon.es/recurso/territorio/Municipio/Villarluengo","http://es.dbpedia.org/resource/Villarluengo"
"http://opendata.aragon.es/recurso/territorio/Municipio/Villarquemado","http://es.dbpedia.org/resource/Villarquemado"
"http://opendata.aragon.es/recurso/territorio/Municipio/Villel","http://es.dbpedia.org/resource/Villel"
"http://opendata.aragon.es/recurso/territorio/Municipio/Vinaceite","http://es.dbpedia.org/resource/Vinaceite"
"http://opendata.aragon.es/recurso/territorio/Municipio/Visiedo","http://es.dbpedia.org/resource/Visiedo"
"http://opendata.aragon.es/recurso/territorio/Municipio/Villastar","http://es.dbpedia.org/resource/Villastar"
"http://opendata.aragon.es/recurso/territorio/Municipio/Acered","http://es.dbpedia.org/resource/Acered"
"http://opendata.aragon.es/recurso/territorio/Municipio/Agón","http://es.dbpedia.org/resource/Agón"
"http://opendata.aragon.es/recurso/territorio/Municipio/Aguilón","http://es.dbpedia.org/resource/Aguilón"
"http://opendata.aragon.es/recurso/territorio/Municipio/Aguarón","http://es.dbpedia.org/resource/Aguarón"
"http://opendata.aragon.es/recurso/territorio/Municipio/Aladrén","http://es.dbpedia.org/resource/Aladrén"
"http://opendata.aragon.es/recurso/territorio/Municipio/Ainzón","http://es.dbpedia.org/resource/Ainzón"
"http://opendata.aragon.es/recurso/territorio/Municipio/Alarba","http://es.dbpedia.org/resource/Alarba"
"http://opendata.aragon.es/recurso/territorio/Municipio/Alagón","http://es.dbpedia.org/resource/Alagón"
"http://opendata.aragon.es/recurso/territorio/Municipio/Albeta","http://es.dbpedia.org/resource/Albeta"
"http://opendata.aragon.es/recurso/territorio/Municipio/Alborge","http://es.dbpedia.org/resource/Alborge"
"http://opendata.aragon.es/recurso/territorio/Municipio/Alfajarín","http://es.dbpedia.org/resource/Alfajarín"
"http://opendata.aragon.es/recurso/territorio/Municipio/Alfamén","http://es.dbpedia.org/resource/Alfamén"
"http://opendata.aragon.es/recurso/territorio/Municipio/Almochuel","http://es.dbpedia.org/resource/Almochuel"
"http://opendata.aragon.es/recurso/territorio/Municipio/Alforque","http://es.dbpedia.org/resource/Alforque"
"http://opendata.aragon.es/recurso/territorio/Municipio/Ambel","http://es.dbpedia.org/resource/Ambel"
"http://opendata.aragon.es/recurso/territorio/Municipio/Alpartir","http://es.dbpedia.org/resource/Alpartir"
"http://opendata.aragon.es/recurso/territorio/Municipio/Anento","http://es.dbpedia.org/resource/Anento"
"http://opendata.aragon.es/recurso/territorio/Municipio/Aniñón","http://es.dbpedia.org/resource/Aniñón"
"http://opendata.aragon.es/recurso/territorio/Municipio/Arándiga","http://es.dbpedia.org/resource/Arándiga"
"http://opendata.aragon.es/recurso/territorio/Municipio/Ardisa","http://es.dbpedia.org/resource/Ardisa"
"http://opendata.aragon.es/recurso/territorio/Municipio/Ariza","http://es.dbpedia.org/resource/Ariza"
"http://opendata.aragon.es/recurso/territorio/Municipio/Asín","http://es.dbpedia.org/resource/Asín"
"http://opendata.aragon.es/recurso/territorio/Municipio/Artieda","http://es.dbpedia.org/resource/Artieda"
"http://opendata.aragon.es/recurso/territorio/Municipio/Atea","http://es.dbpedia.org/resource/Atea"
"http://opendata.aragon.es/recurso/territorio/Municipio/Ateca","http://es.dbpedia.org/resource/Ateca"
"http://opendata.aragon.es/recurso/territorio/Municipio/Badules","http://es.dbpedia.org/resource/Badules"
"http://opendata.aragon.es/recurso/territorio/Municipio/Bagüés","http://es.dbpedia.org/resource/Bagüés"
"http://opendata.aragon.es/recurso/territorio/Municipio/Azuara","http://es.dbpedia.org/resource/Azuara"
"http://opendata.aragon.es/recurso/territorio/Municipio/Balconchán","http://es.dbpedia.org/resource/Balconchán"
"http://opendata.aragon.es/recurso/territorio/Municipio/Bárboles","http://es.dbpedia.org/resource/Bárboles"
"http://opendata.aragon.es/recurso/territorio/Municipio/Bardallur","http://es.dbpedia.org/resource/Bardallur"
"http://opendata.aragon.es/recurso/territorio/Municipio/Belchite","http://es.dbpedia.org/resource/Belchite"
"http://opendata.aragon.es/recurso/territorio/Municipio/Berdejo","http://es.dbpedia.org/resource/Berdejo"
"http://opendata.aragon.es/recurso/territorio/Municipio/Berrueco","http://es.dbpedia.org/resource/Berrueco"
"http://opendata.aragon.es/recurso/territorio/Municipio/Bijuesca","http://es.dbpedia.org/resource/Bijuesca"
"http://opendata.aragon.es/recurso/territorio/Municipio/Biota","http://es.dbpedia.org/resource/Biota"
"http://opendata.aragon.es/recurso/territorio/Municipio/Bisimbre","http://es.dbpedia.org/resource/Bisimbre"
"http://opendata.aragon.es/recurso/territorio/Municipio/Boquiñeni","http://es.dbpedia.org/resource/Boquiñeni"
"http://opendata.aragon.es/recurso/territorio/Municipio/Bordalba","http://es.dbpedia.org/resource/Bordalba"
"http://opendata.aragon.es/recurso/territorio/Municipio/Borja","http://es.dbpedia.org/resource/Borja"
"http://opendata.aragon.es/recurso/territorio/Municipio/Botorrita","http://es.dbpedia.org/resource/Botorrita"
"http://opendata.aragon.es/recurso/territorio/Municipio/Bubierca","http://es.dbpedia.org/resource/Bubierca"
"http://opendata.aragon.es/recurso/territorio/Municipio/Bujaraloz","http://es.dbpedia.org/resource/Bujaraloz"
"http://opendata.aragon.es/recurso/territorio/Municipio/Bulbuente","http://es.dbpedia.org/resource/Bulbuente"
"http://opendata.aragon.es/recurso/territorio/Municipio/Bureta","http://es.dbpedia.org/resource/Bureta"
"http://opendata.aragon.es/recurso/territorio/Municipio/Cadrete","http://es.dbpedia.org/resource/Cadrete"
"http://opendata.aragon.es/recurso/territorio/Municipio/Cabolafuente","http://es.dbpedia.org/resource/Cabolafuente"
"http://opendata.aragon.es/recurso/territorio/Municipio/Calatayud","http://es.dbpedia.org/resource/Calatayud"
"http://opendata.aragon.es/recurso/territorio/Municipio/Calcena","http://es.dbpedia.org/resource/Calcena"
"http://opendata.aragon.es/recurso/territorio/Municipio/Calatorao","http://es.dbpedia.org/resource/Calatorao"
"http://opendata.aragon.es/recurso/territorio/Municipio/Caspe","http://es.dbpedia.org/resource/Caspe"
"http://opendata.aragon.es/recurso/territorio/Municipio/Castiliscar","http://es.dbpedia.org/resource/Castiliscar"
"http://opendata.aragon.es/recurso/territorio/Municipio/Carenas","http://es.dbpedia.org/resource/Carenas"
"http://opendata.aragon.es/recurso/territorio/Municipio/Cariñena","http://es.dbpedia.org/resource/Cariñena"
"http://opendata.aragon.es/recurso/territorio/Municipio/Calmarza","http://es.dbpedia.org/resource/Calmarza"
"http://opendata.aragon.es/recurso/territorio/Municipio/Cerveruela","http://es.dbpedia.org/resource/Cerveruela"
"http://opendata.aragon.es/recurso/territorio/Municipio/Cetina","http://es.dbpedia.org/resource/Cetina"
"http://opendata.aragon.es/recurso/territorio/Municipio/Cimballa","http://es.dbpedia.org/resource/Cimballa"
"http://opendata.aragon.es/recurso/territorio/Municipio/Codo","http://es.dbpedia.org/resource/Codo"
"http://opendata.aragon.es/recurso/territorio/Municipio/Codos","http://es.dbpedia.org/resource/Codos"
"http://opendata.aragon.es/recurso/territorio/Municipio/Contamina","http://es.dbpedia.org/resource/Contamina"
"http://opendata.aragon.es/recurso/territorio/Municipio/Cosuenda","http://es.dbpedia.org/resource/Cosuenda"
"http://opendata.aragon.es/recurso/territorio/Municipio/Cubel","http://es.dbpedia.org/resource/Cubel"
"http://opendata.aragon.es/recurso/territorio/Municipio/Chodes","http://es.dbpedia.org/resource/Chodes"
"http://opendata.aragon.es/recurso/territorio/Municipio/Daroca","http://es.dbpedia.org/resource/Daroca"
"http://opendata.aragon.es/recurso/territorio/Municipio/Chiprana","http://es.dbpedia.org/resource/Chiprana"
"http://opendata.aragon.es/recurso/territorio/Municipio/Encinacorba","http://es.dbpedia.org/resource/Encinacorba"
"http://opendata.aragon.es/recurso/territorio/Municipio/Erla","http://es.dbpedia.org/resource/Erla"
"http://opendata.aragon.es/recurso/territorio/Municipio/Escatrón","http://es.dbpedia.org/resource/Escatrón"
"http://opendata.aragon.es/recurso/territorio/Municipio/Fabara","http://es.dbpedia.org/resource/Fabara"
"http://opendata.aragon.es/recurso/territorio/Municipio/Farlete","http://es.dbpedia.org/resource/Farlete"
"http://opendata.aragon.es/recurso/territorio/Municipio/Épila","http://es.dbpedia.org/resource/Épila"
"http://opendata.aragon.es/recurso/territorio/Municipio/Fayón","http://es.dbpedia.org/resource/Fayón"
"http://opendata.aragon.es/recurso/territorio/Municipio/Figueruelas","http://es.dbpedia.org/resource/Figueruelas"
"http://opendata.aragon.es/recurso/territorio/Municipio/Fombuena","http://es.dbpedia.org/resource/Fombuena"
"http://opendata.aragon.es/recurso/territorio/Municipio/Fréscano","http://es.dbpedia.org/resource/Fréscano"
"http://opendata.aragon.es/recurso/territorio/Municipio/Fuendejalón","http://es.dbpedia.org/resource/Fuendejalón"
"http://opendata.aragon.es/recurso/territorio/Municipio/Fuendetodos","http://es.dbpedia.org/resource/Fuendetodos"
"http://opendata.aragon.es/recurso/territorio/Municipio/Gallocanta","http://es.dbpedia.org/resource/Gallocanta"
"http://opendata.aragon.es/recurso/territorio/Municipio/Godojos","http://es.dbpedia.org/resource/Godojos"
"http://opendata.aragon.es/recurso/territorio/Municipio/Gelsa","http://es.dbpedia.org/resource/Gelsa"
"http://opendata.aragon.es/recurso/territorio/Municipio/Gotor","http://es.dbpedia.org/resource/Gotor"
"http://opendata.aragon.es/recurso/territorio/Municipio/Grisel","http://es.dbpedia.org/resource/Grisel"
"http://opendata.aragon.es/recurso/territorio/Municipio/Grisén","http://es.dbpedia.org/resource/Grisén"
"http://opendata.aragon.es/recurso/territorio/Municipio/Gallur","http://es.dbpedia.org/resource/Gallur"
"http://opendata.aragon.es/recurso/territorio/Municipio/Ibdes","http://es.dbpedia.org/resource/Ibdes"
"http://opendata.aragon.es/recurso/territorio/Municipio/Illueca","http://es.dbpedia.org/resource/Illueca"
"http://opendata.aragon.es/recurso/territorio/Municipio/Isuerre","http://es.dbpedia.org/resource/Isuerre"
"http://opendata.aragon.es/recurso/territorio/Municipio/Jaulín","http://es.dbpedia.org/resource/Jaulín"
"http://opendata.aragon.es/recurso/territorio/Municipio/Jaraba","http://es.dbpedia.org/resource/Jaraba"
"http://opendata.aragon.es/recurso/territorio/Municipio/Lagata","http://es.dbpedia.org/resource/Lagata"
"http://opendata.aragon.es/recurso/territorio/Municipio/Layana","http://es.dbpedia.org/resource/Layana"
"http://opendata.aragon.es/recurso/territorio/Municipio/Leciñena","http://es.dbpedia.org/resource/Leciñena"
"http://opendata.aragon.es/recurso/territorio/Municipio/Lechón","http://es.dbpedia.org/resource/Lechón"
"http://opendata.aragon.es/recurso/territorio/Municipio/Lituénigo","http://es.dbpedia.org/resource/Lituénigo"
"http://opendata.aragon.es/recurso/territorio/Municipio/Letux","http://es.dbpedia.org/resource/Letux"
"http://opendata.aragon.es/recurso/territorio/Municipio/Lécera","http://es.dbpedia.org/resource/Lécera"
"http://opendata.aragon.es/recurso/territorio/Municipio/Longás","http://es.dbpedia.org/resource/Longás"
"http://opendata.aragon.es/recurso/territorio/Municipio/Luesma","http://es.dbpedia.org/resource/Luesma"
"http://opendata.aragon.es/recurso/territorio/Municipio/Luesia","http://es.dbpedia.org/resource/Luesia"
"http://opendata.aragon.es/recurso/territorio/Municipio/Lumpiaque","http://es.dbpedia.org/resource/Lumpiaque"
"http://opendata.aragon.es/recurso/territorio/Municipio/Longares","http://es.dbpedia.org/resource/Longares"
"http://opendata.aragon.es/recurso/territorio/Municipio/Luna","http://es.dbpedia.org/resource/Luna"
"http://opendata.aragon.es/recurso/territorio/Municipio/Litago","http://es.dbpedia.org/resource/Litago"
"http://opendata.aragon.es/recurso/territorio/Municipio/Maella","http://es.dbpedia.org/resource/Maella"
"http://opendata.aragon.es/recurso/territorio/Municipio/Luceni","http://es.dbpedia.org/resource/Luceni"
"http://opendata.aragon.es/recurso/territorio/Municipio/Magallón","http://es.dbpedia.org/resource/Magallón"
"http://opendata.aragon.es/recurso/territorio/Municipio/Mainar","http://es.dbpedia.org/resource/Mainar"
"http://opendata.aragon.es/recurso/territorio/Municipio/Maleján","http://es.dbpedia.org/resource/Maleján"
"http://opendata.aragon.es/recurso/territorio/Municipio/Malanquilla","http://es.dbpedia.org/resource/Malanquilla"
"http://opendata.aragon.es/recurso/territorio/Municipio/Malón","http://es.dbpedia.org/resource/Malón"
"http://opendata.aragon.es/recurso/territorio/Municipio/Maluenda","http://es.dbpedia.org/resource/Maluenda"
"http://opendata.aragon.es/recurso/territorio/Municipio/Mallén","http://es.dbpedia.org/resource/Mallén"
"http://opendata.aragon.es/recurso/territorio/Municipio/Manchones","http://es.dbpedia.org/resource/Manchones"
"http://opendata.aragon.es/recurso/territorio/Municipio/Mara","http://es.dbpedia.org/resource/Mara"
"http://opendata.aragon.es/recurso/territorio/Municipio/Mezalocha","http://es.dbpedia.org/resource/Mezalocha"
"http://opendata.aragon.es/recurso/territorio/Municipio/Mequinenza","http://es.dbpedia.org/resource/Mequinenza"
"http://opendata.aragon.es/recurso/territorio/Municipio/Mianos","http://es.dbpedia.org/resource/Mianos"
"http://opendata.aragon.es/recurso/territorio/Municipio/Monegrillo","http://es.dbpedia.org/resource/Monegrillo"
"http://opendata.aragon.es/recurso/territorio/Municipio/Moneva","http://es.dbpedia.org/resource/Moneva"
"http://opendata.aragon.es/recurso/territorio/Municipio/Montón","http://es.dbpedia.org/resource/Montón"
"http://opendata.aragon.es/recurso/territorio/Municipio/Morés","http://es.dbpedia.org/resource/Morés"
"http://opendata.aragon.es/recurso/territorio/Municipio/Mozota","http://es.dbpedia.org/resource/Mozota"
"http://opendata.aragon.es/recurso/territorio/Municipio/Moyuela","http://es.dbpedia.org/resource/Moyuela"
"http://opendata.aragon.es/recurso/territorio/Municipio/Muel","http://es.dbpedia.org/resource/Muel"
"http://opendata.aragon.es/recurso/territorio/Municipio/Moros","http://es.dbpedia.org/resource/Moros"
"http://opendata.aragon.es/recurso/territorio/Municipio/Murero","http://es.dbpedia.org/resource/Murero"
"http://opendata.aragon.es/recurso/territorio/Municipio/Munébrega","http://es.dbpedia.org/resource/Munébrega"
"http://opendata.aragon.es/recurso/territorio/Municipio/Navardún","http://es.dbpedia.org/resource/Navardún"
"http://opendata.aragon.es/recurso/territorio/Municipio/Nigüella","http://es.dbpedia.org/resource/Nigüella"
"http://opendata.aragon.es/recurso/territorio/Municipio/Nombrevilla","http://es.dbpedia.org/resource/Nombrevilla"
"http://opendata.aragon.es/recurso/territorio/Municipio/Nonaspe","http://es.dbpedia.org/resource/Nonaspe"
"http://opendata.aragon.es/recurso/territorio/Municipio/Novillas","http://es.dbpedia.org/resource/Novillas"
"http://opendata.aragon.es/recurso/territorio/Municipio/Novallas","http://es.dbpedia.org/resource/Novallas"
"http://opendata.aragon.es/recurso/territorio/Municipio/Nuévalos","http://es.dbpedia.org/resource/Nuévalos"
"http://opendata.aragon.es/recurso/territorio/Municipio/Olvés","http://es.dbpedia.org/resource/Olvés"
"http://opendata.aragon.es/recurso/territorio/Municipio/Orcajo","http://es.dbpedia.org/resource/Orcajo"
"http://opendata.aragon.es/recurso/territorio/Municipio/Orera","http://es.dbpedia.org/resource/Orera"
"http://opendata.aragon.es/recurso/territorio/Municipio/Orés","http://es.dbpedia.org/resource/Orés"
"http://opendata.aragon.es/recurso/territorio/Municipio/Oseja","http://es.dbpedia.org/resource/Oseja"
"http://opendata.aragon.es/recurso/territorio/Municipio/Paniza","http://es.dbpedia.org/resource/Paniza"
"http://opendata.aragon.es/recurso/territorio/Municipio/Pastriz","http://es.dbpedia.org/resource/Pastriz"
"http://opendata.aragon.es/recurso/territorio/Municipio/Pedrola","http://es.dbpedia.org/resource/Pedrola"
"http://opendata.aragon.es/recurso/territorio/Municipio/Piedratajada","http://es.dbpedia.org/resource/Piedratajada"
"http://opendata.aragon.es/recurso/territorio/Municipio/Perdiguera","http://es.dbpedia.org/resource/Perdiguera"
"http://opendata.aragon.es/recurso/territorio/Municipio/Pinseque","http://es.dbpedia.org/resource/Pinseque"
"http://opendata.aragon.es/recurso/territorio/Municipio/Plenas","http://es.dbpedia.org/resource/Plenas"
"http://opendata.aragon.es/recurso/territorio/Municipio/Pleitas","http://es.dbpedia.org/resource/Pleitas"
"http://opendata.aragon.es/recurso/territorio/Municipio/Pomer","http://es.dbpedia.org/resource/Pomer"
"http://opendata.aragon.es/recurso/territorio/Municipio/Purujosa","http://es.dbpedia.org/resource/Purujosa"
"http://opendata.aragon.es/recurso/territorio/Municipio/Quinto","http://es.dbpedia.org/resource/Quinto"
"http://opendata.aragon.es/recurso/territorio/Municipio/Puendeluna","http://es.dbpedia.org/resource/Puendeluna"
"http://opendata.aragon.es/recurso/territorio/Municipio/Remolinos","http://es.dbpedia.org/resource/Remolinos"
"http://opendata.aragon.es/recurso/territorio/Municipio/Retascón","http://es.dbpedia.org/resource/Retascón"
"http://opendata.aragon.es/recurso/territorio/Municipio/Ricla","http://es.dbpedia.org/resource/Ricla"
"http://opendata.aragon.es/recurso/territorio/Municipio/Romanos","http://es.dbpedia.org/resource/Romanos"
"http://opendata.aragon.es/recurso/territorio/Municipio/Ruesca","http://es.dbpedia.org/resource/Ruesca"
"http://opendata.aragon.es/recurso/territorio/Municipio/Santed","http://es.dbpedia.org/resource/Santed"
"http://opendata.aragon.es/recurso/territorio/Municipio/Saviñán","http://es.dbpedia.org/resource/Saviñán"
"http://opendata.aragon.es/recurso/territorio/Municipio/Sádaba","http://es.dbpedia.org/resource/Sádaba"
"http://opendata.aragon.es/recurso/territorio/Municipio/Sediles","http://es.dbpedia.org/resource/Sediles"
"http://opendata.aragon.es/recurso/territorio/Municipio/Sástago","http://es.dbpedia.org/resource/Sástago"
"http://opendata.aragon.es/recurso/territorio/Municipio/Sestrica","http://es.dbpedia.org/resource/Sestrica"
"http://opendata.aragon.es/recurso/territorio/Municipio/Sisamón","http://es.dbpedia.org/resource/Sisamón"
"http://opendata.aragon.es/recurso/territorio/Municipio/Sobradiel","http://es.dbpedia.org/resource/Sobradiel"
"http://opendata.aragon.es/recurso/territorio/Municipio/Sigüés","http://es.dbpedia.org/resource/Sigüés"
"http://opendata.aragon.es/recurso/territorio/Municipio/Tabuenca","http://es.dbpedia.org/resource/Tabuenca"
"http://opendata.aragon.es/recurso/territorio/Municipio/Tarazona","http://es.dbpedia.org/resource/Tarazona"
"http://opendata.aragon.es/recurso/territorio/Municipio/Tauste","http://es.dbpedia.org/resource/Tauste"
"http://opendata.aragon.es/recurso/territorio/Municipio/Tierga","http://es.dbpedia.org/resource/Tierga"
"http://opendata.aragon.es/recurso/territorio/Municipio/Terrer","http://es.dbpedia.org/resource/Terrer"
"http://opendata.aragon.es/recurso/territorio/Municipio/Tobed","http://es.dbpedia.org/resource/Tobed"
"http://opendata.aragon.es/recurso/territorio/Municipio/Talamantes","http://es.dbpedia.org/resource/Talamantes"
"http://opendata.aragon.es/recurso/territorio/Municipio/Torralbilla","http://es.dbpedia.org/resource/Torralbilla"
"http://opendata.aragon.es/recurso/territorio/Municipio/Torrehermosa","http://es.dbpedia.org/resource/Torrehermosa"
"http://opendata.aragon.es/recurso/territorio/Municipio/Torrelapaja","http://es.dbpedia.org/resource/Torrelapaja"
"http://opendata.aragon.es/recurso/territorio/Municipio/Torrellas","http://es.dbpedia.org/resource/Torrellas"
"http://opendata.aragon.es/recurso/territorio/Municipio/Tosos","http://es.dbpedia.org/resource/Tosos"
"http://opendata.aragon.es/recurso/territorio/Municipio/Trasmoz","http://es.dbpedia.org/resource/Trasmoz"
"http://opendata.aragon.es/recurso/territorio/Municipio/Uncastillo","http://es.dbpedia.org/resource/Uncastillo"
"http://opendata.aragon.es/recurso/territorio/Municipio/Used","http://es.dbpedia.org/resource/Used"
"http://opendata.aragon.es/recurso/territorio/Municipio/Urriés","http://es.dbpedia.org/resource/Urriés"
"http://opendata.aragon.es/recurso/territorio/Municipio/Utebo","http://es.dbpedia.org/resource/Utebo"
"http://opendata.aragon.es/recurso/territorio/Municipio/Trasobares","http://es.dbpedia.org/resource/Trasobares"
"http://opendata.aragon.es/recurso/territorio/Municipio/Valdehorna","http://es.dbpedia.org/resource/Valdehorna"
"http://opendata.aragon.es/recurso/territorio/Municipio/Valmadrid","http://es.dbpedia.org/resource/Valmadrid"
"http://opendata.aragon.es/recurso/territorio/Municipio/Valpalmas","http://es.dbpedia.org/resource/Valpalmas"
"http://opendata.aragon.es/recurso/territorio/Municipio/Valtorres","http://es.dbpedia.org/resource/Valtorres"
"http://opendata.aragon.es/recurso/territorio/Municipio/Vierlas","http://es.dbpedia.org/resource/Vierlas"
"http://opendata.aragon.es/recurso/territorio/Municipio/Villadoz","http://es.dbpedia.org/resource/Villadoz"
"http://opendata.aragon.es/recurso/territorio/Municipio/Villafeliche","http://es.dbpedia.org/resource/Villafeliche"
"http://opendata.aragon.es/recurso/territorio/Municipio/Vistabella","http://es.dbpedia.org/resource/Vistabella"
"http://opendata.aragon.es/recurso/territorio/Municipio/Villalengua","http://es.dbpedia.org/resource/Villalengua"
"http://opendata.aragon.es/recurso/territorio/Municipio/Zaragoza","http://es.dbpedia.org/resource/Zaragoza"
"http://opendata.aragon.es/recurso/territorio/Municipio/Marracos","http://es.dbpedia.org/resource/Marracos"
"http://opendata.aragon.es/recurso/territorio/Municipio/Biel","http://es.dbpedia.org/resource/Biel"
"http://opendata.aragon.es/recurso/territorio/Municipio/Zuera","http://es.dbpedia.org/resource/Zuera"
"http://opendata.aragon.es/recurso/territorio/Municipio/Alberite_de_San_Juan","http://es.dbpedia.org/resource/Alberite_de_San_Juan"
"http://opendata.aragon.es/recurso/territorio/Municipio/Alcalá_de_Ebro","http://es.dbpedia.org/resource/Alcalá_de_Ebro"
"http://opendata.aragon.es/recurso/territorio/Municipio/Alcalá_de_Moncayo","http://es.dbpedia.org/resource/Alcalá_de_Moncayo"
"http://opendata.aragon.es/recurso/territorio/Municipio/Alconchel_de_Ariza","http://es.dbpedia.org/resource/Alconchel_de_Ariza"
"http://opendata.aragon.es/recurso/territorio/Municipio/Aguilar_del_Alfambra","http://es.dbpedia.org/resource/Aguilar_del_Alfambra"
"http://opendata.aragon.es/recurso/territorio/Municipio/Albalate_del_Arzobispo","http://es.dbpedia.org/resource/Albalate_del_Arzobispo"
"http://opendata.aragon.es/recurso/territorio/Municipio/Aldehuela_de_Liestos","http://es.dbpedia.org/resource/Aldehuela_de_Liestos"
"http://opendata.aragon.es/recurso/territorio/Municipio/Alhama_de_Aragón","http://es.dbpedia.org/resource/Alhama_de_Aragón"
"http://opendata.aragon.es/recurso/territorio/Municipio/Alcalá_de_la_Selva","http://es.dbpedia.org/resource/Alcalá_de_la_Selva"
"http://opendata.aragon.es/recurso/territorio/Municipio/Almolda_(La)","http://es.dbpedia.org/resource/La_Almolda"
"http://opendata.aragon.es/recurso/territorio/Municipio/Almonacid_de_la_Sierra","http://es.dbpedia.org/resource/Almonacid_de_la_Sierra"
"http://opendata.aragon.es/recurso/territorio/Municipio/Almonacid_de_la_Cuba","http://es.dbpedia.org/resource/Almonacid_de_la_Cuba"
"http://opendata.aragon.es/recurso/territorio/Municipio/Albalate_de_Cinca","http://es.dbpedia.org/resource/Albalate_de_Cinca"
"http://opendata.aragon.es/recurso/territorio/Municipio/Almunia_de_Doña_Godina_(La)","http://es.dbpedia.org/resource/La_Almunia_de_Doña_Godina"
"http://opendata.aragon.es/recurso/territorio/Municipio/Añón_de_Moncayo","http://es.dbpedia.org/resource/Añón_de_Moncayo"
"http://opendata.aragon.es/recurso/territorio/Municipio/Albero_Alto","http://es.dbpedia.org/resource/Albero_Alto"
"http://opendata.aragon.es/recurso/territorio/Municipio/Albero_Bajo","http://es.dbpedia.org/resource/Albero_Bajo"
"http://opendata.aragon.es/recurso/territorio/Municipio/Alberuela_de_Tubo","http://es.dbpedia.org/resource/Alberuela_de_Tubo"
"http://opendata.aragon.es/recurso/territorio/Municipio/Alcalá_de_Gurrea","http://es.dbpedia.org/resource/Alcalá_de_Gurrea"
"http://opendata.aragon.es/recurso/territorio/Municipio/Alcalá_del_Obispo","http://es.dbpedia.org/resource/Alcalá_del_Obispo"
"http://opendata.aragon.es/recurso/territorio/Municipio/Arcos_de_las_Salinas","http://es.dbpedia.org/resource/Arcos_de_las_Salinas"
"http://opendata.aragon.es/recurso/territorio/Municipio/Alcolea_de_Cinca","http://es.dbpedia.org/resource/Alcolea_de_Cinca"
"http://opendata.aragon.es/recurso/territorio/Municipio/Arens_de_Lledó","http://es.dbpedia.org/resource/Arens_de_Lledó"
"http://opendata.aragon.es/recurso/territorio/Municipio/Almunia_de_San_Juan","http://es.dbpedia.org/resource/Almunia_de_San_Juan"
"http://opendata.aragon.es/recurso/territorio/Municipio/Belmonte_de_San_José","http://es.dbpedia.org/resource/Belmonte_de_San_José"
"http://opendata.aragon.es/recurso/territorio/Municipio/Belmonte_de_Gracián","http://es.dbpedia.org/resource/Belmonte_de_Gracián"
"http://opendata.aragon.es/recurso/territorio/Municipio/Cabra_de_Mora","http://es.dbpedia.org/resource/Cabra_de_Mora"
"http://opendata.aragon.es/recurso/territorio/Municipio/Aragüés_del_Puerto","http://es.dbpedia.org/resource/Aragüés_del_Puerto"
"http://opendata.aragon.es/recurso/territorio/Municipio/Burgo_de_Ebro_(El)","http://es.dbpedia.org/resource/El_Burgo_de_Ebro"
"http://opendata.aragon.es/recurso/territorio/Municipio/Camarena_de_la_Sierra","http://es.dbpedia.org/resource/Camarena_de_la_Sierra"
"http://opendata.aragon.es/recurso/territorio/Municipio/Brea_de_Aragón","http://es.dbpedia.org/resource/Brea_de_Aragón"
"http://opendata.aragon.es/recurso/territorio/Municipio/Cañada_de_Benatanduz","http://es.dbpedia.org/resource/Cañada_de_Benatanduz"
"http://opendata.aragon.es/recurso/territorio/Municipio/Cabañas_de_Ebro","http://es.dbpedia.org/resource/Cabañas_de_Ebro"
"http://opendata.aragon.es/recurso/territorio/Municipio/Cañada_de_Verich_(La)","http://es.dbpedia.org/resource/La_Cañada_de_Verich"
"http://opendata.aragon.es/recurso/territorio/Municipio/Buste_(El)","http://es.dbpedia.org/resource/El_Buste"
"http://opendata.aragon.es/recurso/territorio/Municipio/Cañada_Vellida","http://es.dbpedia.org/resource/Cañada_Vellida"
"http://opendata.aragon.es/recurso/territorio/Municipio/Belver_de_Cinca","http://es.dbpedia.org/resource/Belver_de_Cinca"
"http://opendata.aragon.es/recurso/territorio/Municipio/Cañizar_del_Olivar","http://es.dbpedia.org/resource/Cañizar_del_Olivar"
"http://opendata.aragon.es/recurso/territorio/Municipio/Cascante_del_Río","http://es.dbpedia.org/resource/Cascante_del_Río"
"http://opendata.aragon.es/recurso/territorio/Municipio/Castel_de_Cabra","http://es.dbpedia.org/resource/Castel_de_Cabra"
"http://opendata.aragon.es/recurso/territorio/Municipio/Castejón_de_Tornos","http://es.dbpedia.org/resource/Castejón_de_Tornos"
"http://opendata.aragon.es/recurso/territorio/Municipio/Campillo_de_Aragón","http://es.dbpedia.org/resource/Campillo_de_Aragón"
"http://opendata.aragon.es/recurso/territorio/Municipio/Castellar_(El)","http://es.dbpedia.org/resource/El_Castellar"
"http://opendata.aragon.es/recurso/territorio/Municipio/Castejón_de_Alarba","http://es.dbpedia.org/resource/Castejón_de_Alarba"
"http://opendata.aragon.es/recurso/territorio/Municipio/Castejón_de_las_Armas","http://es.dbpedia.org/resource/Castejón_de_las_Armas"
"http://opendata.aragon.es/recurso/territorio/Municipio/Blecua_y_Torres","http://es.dbpedia.org/resource/Blecua_y_Torres"
"http://opendata.aragon.es/recurso/territorio/Municipio/Cerollera_(La)","http://es.dbpedia.org/resource/La_Cerollera"
"http://opendata.aragon.es/recurso/territorio/Municipio/Cervera_de_la_Cañada","http://es.dbpedia.org/resource/Cervera_de_la_Cañada"
"http://opendata.aragon.es/recurso/territorio/Municipio/Codoñera_(La)","http://es.dbpedia.org/resource/La_Codoñera"
"http://opendata.aragon.es/recurso/territorio/Municipio/Castejón_de_Valdejasa","http://es.dbpedia.org/resource/Castejón_de_Valdejasa"
"http://opendata.aragon.es/recurso/territorio/Municipio/Clarés_de_Ribota","http://es.dbpedia.org/resource/Clarés_de_Ribota"
"http://opendata.aragon.es/recurso/territorio/Municipio/Cinco_Olivas","http://es.dbpedia.org/resource/Cinco_Olivas"
"http://opendata.aragon.es/recurso/territorio/Municipio/Cortes_de_Aragón","http://es.dbpedia.org/resource/Cortes_de_Aragón"
"http://opendata.aragon.es/recurso/territorio/Municipio/Cuba_(La)","http://es.dbpedia.org/resource/La_Cuba"
"http://opendata.aragon.es/recurso/territorio/Municipio/Canal_de_Berdún","http://es.dbpedia.org/resource/Canal_de_Berdún"
"http://opendata.aragon.es/recurso/territorio/Municipio/Cuarte_de_Huerva","http://es.dbpedia.org/resource/Cuarte_de_Huerva"
"http://opendata.aragon.es/recurso/territorio/Municipio/Casbas_de_Huesca","http://es.dbpedia.org/resource/Casbas_de_Huesca"
"http://opendata.aragon.es/recurso/territorio/Municipio/Cuervo_(El)","http://es.dbpedia.org/resource/El_Cuervo"
"http://opendata.aragon.es/recurso/territorio/Municipio/Castejón_del_Puente","http://es.dbpedia.org/resource/Castejón_del_Puente"
"http://opendata.aragon.es/recurso/territorio/Municipio/Cuerlas_(Las)","http://es.dbpedia.org/resource/Las_Cuerlas"
"http://opendata.aragon.es/recurso/territorio/Municipio/Cuevas_de_Almudén","http://es.dbpedia.org/resource/Cuevas_de_Almudén"
"http://opendata.aragon.es/recurso/territorio/Municipio/Castejón_de_Monegros","http://es.dbpedia.org/resource/Castejón_de_Monegros"
"http://opendata.aragon.es/recurso/territorio/Municipio/Cuevas_Labradas","http://es.dbpedia.org/resource/Cuevas_Labradas"
"http://opendata.aragon.es/recurso/territorio/Municipio/Castejón_de_Sos","http://es.dbpedia.org/resource/Castejón_de_Sos"
"http://opendata.aragon.es/recurso/territorio/Municipio/Castiello_de_Jaca","http://es.dbpedia.org/resource/Castiello_de_Jaca"
"http://opendata.aragon.es/recurso/territorio/Municipio/Ejea_de_los_Caballeros","http://es.dbpedia.org/resource/Ejea_de_los_Caballeros"
"http://opendata.aragon.es/recurso/territorio/Municipio/Ferreruela_de_Huerva","http://es.dbpedia.org/resource/Ferreruela_de_Huerva"
"http://opendata.aragon.es/recurso/territorio/Municipio/Formiche_Alto","http://es.dbpedia.org/resource/Formiche_Alto"
"http://opendata.aragon.es/recurso/territorio/Municipio/Embid_de_Ariza","http://es.dbpedia.org/resource/Embid_de_Ariza"
"http://opendata.aragon.es/recurso/territorio/Municipio/Fresneda_(La)","http://es.dbpedia.org/resource/La_Fresneda"
"http://opendata.aragon.es/recurso/territorio/Municipio/Frías_de_Albarracín","http://es.dbpedia.org/resource/Frías_de_Albarracín"
"http://opendata.aragon.es/recurso/territorio/Municipio/Estopiñán_del_Castillo","http://es.dbpedia.org/resource/Estopiñán_del_Castillo"
"http://opendata.aragon.es/recurso/territorio/Municipio/Fayos_(Los)","http://es.dbpedia.org/resource/Los_Fayos"
"http://opendata.aragon.es/recurso/territorio/Municipio/Fuentes_Calientes","http://es.dbpedia.org/resource/Fuentes_Calientes"
"http://opendata.aragon.es/recurso/territorio/Municipio/Frago_(El)","http://es.dbpedia.org/resource/El_Frago"
"http://opendata.aragon.es/recurso/territorio/Municipio/Fuentes_Claras","http://es.dbpedia.org/resource/Fuentes_Claras"
"http://opendata.aragon.es/recurso/territorio/Municipio/Fuentes_de_Rubielos","http://es.dbpedia.org/resource/Fuentes_de_Rubielos"
"http://opendata.aragon.es/recurso/territorio/Municipio/Frasno_(El)","http://es.dbpedia.org/resource/El_Frasno"
"http://opendata.aragon.es/recurso/territorio/Municipio/Foradada_del_Toscar","http://es.dbpedia.org/resource/Foradada_del_Toscar"
"http://opendata.aragon.es/recurso/territorio/Municipio/Fuentes_de_Ebro","http://es.dbpedia.org/resource/Fuentes_de_Ebro"
"http://opendata.aragon.es/recurso/territorio/Municipio/Fuentes_de_Jiloca","http://es.dbpedia.org/resource/Fuentes_de_Jiloca"
"http://opendata.aragon.es/recurso/territorio/Municipio/Fueva_(La)","http://es.dbpedia.org/resource/La_Fueva"
"http://opendata.aragon.es/recurso/territorio/Municipio/Gea_de_Albarracín","http://es.dbpedia.org/resource/Gea_de_Albarracín"
"http://opendata.aragon.es/recurso/territorio/Municipio/Ginebrosa_(La)","http://es.dbpedia.org/resource/La_Ginebrosa"
"http://opendata.aragon.es/recurso/territorio/Municipio/Hinojosa_de_Jarque","http://es.dbpedia.org/resource/Hinojosa_de_Jarque"
"http://opendata.aragon.es/recurso/territorio/Municipio/Grado_(El)","http://es.dbpedia.org/resource/El_Grado"
"http://opendata.aragon.es/recurso/territorio/Municipio/Gurrea_de_Gállego","http://es.dbpedia.org/resource/Gurrea_de_Gállego"
"http://opendata.aragon.es/recurso/territorio/Municipio/Hoz_de_Jaca","http://es.dbpedia.org/resource/Hoz_de_Jaca"
"http://opendata.aragon.es/recurso/territorio/Municipio/Huesa_del_Común","http://es.dbpedia.org/resource/Huesa_del_Común"
"http://opendata.aragon.es/recurso/territorio/Municipio/Hoz_de_la_Vieja_(La)","http://es.dbpedia.org/resource/La_Hoz_de_la_Vieja"
"http://opendata.aragon.es/recurso/territorio/Municipio/Iglesuela_del_Cid_(La)","http://es.dbpedia.org/resource/La_Iglesuela_del_Cid"
"http://opendata.aragon.es/recurso/territorio/Municipio/Herrera_de_los_Navarros","http://es.dbpedia.org/resource/Herrera_de_los_Navarros"
"http://opendata.aragon.es/recurso/territorio/Municipio/Jarque_de_la_Val","http://es.dbpedia.org/resource/Jarque_de_la_Val"
"http://opendata.aragon.es/recurso/territorio/Municipio/Joyosa_(La)","http://es.dbpedia.org/resource/La_Joyosa"
"http://opendata.aragon.es/recurso/territorio/Municipio/Linares_de_Mora","http://es.dbpedia.org/resource/Linares_de_Mora"
"http://opendata.aragon.es/recurso/territorio/Municipio/Langa_del_Castillo","http://es.dbpedia.org/resource/Langa_del_Castillo"
"http://opendata.aragon.es/recurso/territorio/Municipio/Martín_del_Río","http://es.dbpedia.org/resource/Martín_del_Río"
"http://opendata.aragon.es/recurso/territorio/Municipio/Mas_de_las_Matas","http://es.dbpedia.org/resource/Mas_de_las_Matas"
"http://opendata.aragon.es/recurso/territorio/Municipio/Lobera_de_Onsella","http://es.dbpedia.org/resource/Lobera_de_Onsella"
"http://opendata.aragon.es/recurso/territorio/Municipio/Mata_de_los_Olmos_(La)","http://es.dbpedia.org/resource/La_Mata_de_los_Olmos"
"http://opendata.aragon.es/recurso/territorio/Municipio/Mezquita_de_Jarque","http://es.dbpedia.org/resource/Mezquita_de_Jarque"
"http://opendata.aragon.es/recurso/territorio/Municipio/Monesma_y_Cajigar","http://es.dbpedia.org/resource/Monesma_y_Cajigar"
"http://opendata.aragon.es/recurso/territorio/Municipio/Lucena_de_Jalón","http://es.dbpedia.org/resource/Lucena_de_Jalón"
"http://opendata.aragon.es/recurso/territorio/Municipio/Miravete_de_la_Sierra","http://es.dbpedia.org/resource/Miravete_de_la_Sierra"
"http://opendata.aragon.es/recurso/territorio/Municipio/Monforte_de_Moyuela","http://es.dbpedia.org/resource/Monforte_de_Moyuela"
"http://opendata.aragon.es/recurso/territorio/Municipio/Monreal_del_Campo","http://es.dbpedia.org/resource/Monreal_del_Campo"
"http://opendata.aragon.es/recurso/territorio/Municipio/Monteagudo_del_Castillo","http://es.dbpedia.org/resource/Monteagudo_del_Castillo"
"http://opendata.aragon.es/recurso/territorio/Municipio/Monterde_de_Albarracín","http://es.dbpedia.org/resource/Monterde_de_Albarracín"
"http://opendata.aragon.es/recurso/territorio/Municipio/Mora_de_Rubielos","http://es.dbpedia.org/resource/Mora_de_Rubielos"
"http://opendata.aragon.es/recurso/territorio/Municipio/Osso_de_Cinca","http://es.dbpedia.org/resource/Osso_de_Cinca"
"http://opendata.aragon.es/recurso/territorio/Municipio/Noguera_de_Albarracín","http://es.dbpedia.org/resource/Noguera_de_Albarracín"
"http://opendata.aragon.es/recurso/territorio/Municipio/Peñas_de_Riglos_(Las)","http://es.dbpedia.org/resource/Las_Peñas_de_Riglos"
"http://opendata.aragon.es/recurso/territorio/Municipio/Peralta_de_Alcofea","http://es.dbpedia.org/resource/Peralta_de_Alcofea"
"http://opendata.aragon.es/recurso/territorio/Municipio/Peralta_de_Calasanz","http://es.dbpedia.org/resource/Peralta_de_Calasanz"
"http://opendata.aragon.es/recurso/territorio/Municipio/María_de_Huerva","http://es.dbpedia.org/resource/María_de_Huerva"
"http://opendata.aragon.es/recurso/territorio/Municipio/Mediana_de_Aragón","http://es.dbpedia.org/resource/Mediana_de_Aragón"
"http://opendata.aragon.es/recurso/territorio/Municipio/Mesones_de_Isuela","http://es.dbpedia.org/resource/Mesones_de_Isuela"
"http://opendata.aragon.es/recurso/territorio/Municipio/Ojos_Negros","http://es.dbpedia.org/resource/Ojos_Negros"
"http://opendata.aragon.es/recurso/territorio/Municipio/Olmos_(Los)","http://es.dbpedia.org/resource/Los_Olmos"
"http://opendata.aragon.es/recurso/territorio/Municipio/Miedes_de_Aragón","http://es.dbpedia.org/resource/Miedes_de_Aragón"
"http://opendata.aragon.es/recurso/territorio/Municipio/Pozán_de_Vero","http://es.dbpedia.org/resource/Pozán_de_Vero"
"http://opendata.aragon.es/recurso/territorio/Municipio/Orihuela_del_Tremedal","http://es.dbpedia.org/resource/Orihuela_del_Tremedal"
"http://opendata.aragon.es/recurso/territorio/Municipio/Puebla_de_Castro_(La)","http://es.dbpedia.org/resource/La_Puebla_de_Castro"
"http://opendata.aragon.es/recurso/territorio/Municipio/Puente_de_Montañana","http://es.dbpedia.org/resource/Puente_de_Montañana"
"http://opendata.aragon.es/recurso/territorio/Municipio/Palomar_de_Arroyos","http://es.dbpedia.org/resource/Palomar_de_Arroyos"
"http://opendata.aragon.es/recurso/territorio/Municipio/Monreal_de_Ariza","http://es.dbpedia.org/resource/Monreal_de_Ariza"
"http://opendata.aragon.es/recurso/territorio/Municipio/Peñarroya_de_Tastavins","http://es.dbpedia.org/resource/Peñarroya_de_Tastavins"
"http://opendata.aragon.es/recurso/territorio/Municipio/Parras_de_Castellote_(Las)","http://es.dbpedia.org/resource/Las_Parras_de_Castellote"
"http://opendata.aragon.es/recurso/territorio/Municipio/Pueyo_de_Araguás_(El)","http://es.dbpedia.org/resource/El_Pueyo_de_Araguás"
"http://opendata.aragon.es/recurso/territorio/Municipio/Pueyo_de_Santa_Cruz","http://es.dbpedia.org/resource/Pueyo_de_Santa_Cruz"
"http://opendata.aragon.es/recurso/territorio/Municipio/Morata_de_Jalón","http://es.dbpedia.org/resource/Morata_de_Jalón"
"http://opendata.aragon.es/recurso/territorio/Municipio/Morata_de_Jiloca","http://es.dbpedia.org/resource/Morata_de_Jiloca"
"http://opendata.aragon.es/recurso/territorio/Municipio/Perales_del_Alfambra","http://es.dbpedia.org/resource/Perales_del_Alfambra"
"http://opendata.aragon.es/recurso/territorio/Municipio/Pobo_(El)","http://es.dbpedia.org/resource/El_Pobo"
"http://opendata.aragon.es/recurso/territorio/Municipio/Salas_Bajas","http://es.dbpedia.org/resource/Salas_Bajas"
"http://opendata.aragon.es/recurso/territorio/Municipio/Salas_Altas","http://es.dbpedia.org/resource/Salas_Altas"
"http://opendata.aragon.es/recurso/territorio/Municipio/Portellada_(La)","http://es.dbpedia.org/resource/La_Portellada"
"http://opendata.aragon.es/recurso/territorio/Municipio/Muela_(La)","http://es.dbpedia.org/resource/La_Muela"
"http://opendata.aragon.es/recurso/territorio/Municipio/Sallent_de_Gállego","http://es.dbpedia.org/resource/Sallent_de_Gállego"
"http://opendata.aragon.es/recurso/territorio/Municipio/San_Esteban_de_Litera","http://es.dbpedia.org/resource/San_Esteban_de_Litera"
"http://opendata.aragon.es/recurso/territorio/Municipio/Pozuel_del_Campo","http://es.dbpedia.org/resource/Pozuel_del_Campo"
"http://opendata.aragon.es/recurso/territorio/Municipio/San_Juan_de_Plan","http://es.dbpedia.org/resource/San_Juan_de_Plan"
"http://opendata.aragon.es/recurso/territorio/Municipio/Puebla_de_Híjar_(La)","http://es.dbpedia.org/resource/La_Puebla_de_Híjar"
"http://opendata.aragon.es/recurso/territorio/Municipio/Santa_Cilia","http://es.dbpedia.org/resource/Santa_Cilia"
"http://opendata.aragon.es/recurso/territorio/Municipio/Murillo_de_Gállego","http://es.dbpedia.org/resource/Murillo_de_Gállego"
"http://opendata.aragon.es/recurso/territorio/Municipio/Puebla_de_Valverde_(La)","http://es.dbpedia.org/resource/La_Puebla_de_Valverde"
"http://opendata.aragon.es/recurso/territorio/Municipio/Santa_Cruz_de_la_Serós","http://es.dbpedia.org/resource/Santa_Cruz_de_la_Serós"
"http://opendata.aragon.es/recurso/territorio/Municipio/Santaliestra_y_San_Quílez","http://es.dbpedia.org/resource/Santaliestra_y_San_Quílez"
"http://opendata.aragon.es/recurso/territorio/Municipio/Rubielos_de_la_Cérida","http://es.dbpedia.org/resource/Rubielos_de_la_Cérida"
"http://opendata.aragon.es/recurso/territorio/Municipio/Nuez_de_Ebro","http://es.dbpedia.org/resource/Nuez_de_Ebro"
"http://opendata.aragon.es/recurso/territorio/Municipio/Senés_de_Alcubierre","http://es.dbpedia.org/resource/Senés_de_Alcubierre"
"http://opendata.aragon.es/recurso/territorio/Municipio/Rubielos_de_Mora","http://es.dbpedia.org/resource/Rubielos_de_Mora"
"http://opendata.aragon.es/recurso/territorio/Municipio/Samper_de_Calanda","http://es.dbpedia.org/resource/Samper_de_Calanda"
"http://opendata.aragon.es/recurso/territorio/Municipio/Tamarite_de_Litera","http://es.dbpedia.org/resource/Tamarite_de_Litera"
"http://opendata.aragon.es/recurso/territorio/Municipio/Osera_de_Ebro","http://es.dbpedia.org/resource/Osera_de_Ebro"
"http://opendata.aragon.es/recurso/territorio/Municipio/San_Agustín","http://es.dbpedia.org/resource/San_Agustín"
"http://opendata.aragon.es/recurso/territorio/Municipio/San_Martín_del_Río","http://es.dbpedia.org/resource/San_Martín_del_Río"
"http://opendata.aragon.es/recurso/territorio/Municipio/Santa_Cruz_de_Nogueras","http://es.dbpedia.org/resource/Santa_Cruz_de_Nogueras"
"http://opendata.aragon.es/recurso/territorio/Municipio/Paracuellos_de_Jiloca","http://es.dbpedia.org/resource/Paracuellos_de_Jiloca"
"http://opendata.aragon.es/recurso/territorio/Municipio/Santa_Eulalia","http://es.dbpedia.org/resource/Santa_Eulalia"
"http://opendata.aragon.es/recurso/territorio/Municipio/Paracuellos_de_la_Ribera","http://es.dbpedia.org/resource/Paracuellos_de_la_Ribera"
"http://opendata.aragon.es/recurso/territorio/Municipio/Segura_de_los_Baños","http://es.dbpedia.org/resource/Segura_de_los_Baños"
"http://opendata.aragon.es/recurso/territorio/Municipio/Torralba_de_Aragón","http://es.dbpedia.org/resource/Torralba_de_Aragón"
"http://opendata.aragon.es/recurso/territorio/Municipio/Torre_la_Ribera","http://es.dbpedia.org/resource/Torre_la_Ribera"
"http://opendata.aragon.es/recurso/territorio/Municipio/Pedrosas_(Las)","http://es.dbpedia.org/resource/Las_Pedrosas"
"http://opendata.aragon.es/recurso/territorio/Municipio/Torrente_de_Cinca","http://es.dbpedia.org/resource/Torrente_de_Cinca"
"http://opendata.aragon.es/recurso/territorio/Municipio/Torres_de_Alcanadre","http://es.dbpedia.org/resource/Torres_de_Alcanadre"
"http://opendata.aragon.es/recurso/territorio/Municipio/Toril_y_Masegoso","http://es.dbpedia.org/resource/Toril_y_Masegoso"
"http://opendata.aragon.es/recurso/territorio/Municipio/Torres_de_Barbués","http://es.dbpedia.org/resource/Torres_de_Barbués"
"http://opendata.aragon.es/recurso/territorio/Municipio/Pina_de_Ebro","http://es.dbpedia.org/resource/Pina_de_Ebro"
"http://opendata.aragon.es/recurso/territorio/Municipio/Pintanos_(Los)","http://es.dbpedia.org/resource/Los_Pintanos"
"http://opendata.aragon.es/recurso/territorio/Municipio/Plasencia_de_Jalón","http://es.dbpedia.org/resource/Plasencia_de_Jalón"
"http://opendata.aragon.es/recurso/territorio/Municipio/Torralba_de_los_Sisones","http://es.dbpedia.org/resource/Torralba_de_los_Sisones"
"http://opendata.aragon.es/recurso/territorio/Municipio/Valle_de_Bardají","http://es.dbpedia.org/resource/Valle_de_Bardají"
"http://opendata.aragon.es/recurso/territorio/Municipio/Valle_de_Lierp","http://es.dbpedia.org/resource/Valle_de_Lierp"
"http://opendata.aragon.es/recurso/territorio/Municipio/Torrecilla_de_Alcañiz","http://es.dbpedia.org/resource/Torrecilla_de_Alcañiz"
"http://opendata.aragon.es/recurso/territorio/Municipio/Velilla_de_Cinca","http://es.dbpedia.org/resource/Velilla_de_Cinca"
"http://opendata.aragon.es/recurso/territorio/Municipio/Torrecilla_del_Rebollar","http://es.dbpedia.org/resource/Torrecilla_del_Rebollar"
"http://opendata.aragon.es/recurso/territorio/Municipio/Viacamp_y_Litera","http://es.dbpedia.org/resource/Viacamp_y_Litera"
"http://opendata.aragon.es/recurso/territorio/Municipio/Pozuel_de_Ariza","http://es.dbpedia.org/resource/Pozuel_de_Ariza"
"http://opendata.aragon.es/recurso/territorio/Municipio/Torre_de_Arcas","http://es.dbpedia.org/resource/Torre_de_Arcas"
"http://opendata.aragon.es/recurso/territorio/Municipio/Torre_de_las_Arcas","http://es.dbpedia.org/resource/Torre_de_las_Arcas"
"http://opendata.aragon.es/recurso/territorio/Municipio/Pozuelo_de_Aragón","http://es.dbpedia.org/resource/Pozuelo_de_Aragón"
"http://opendata.aragon.es/recurso/territorio/Municipio/Torre_del_Compte","http://es.dbpedia.org/resource/Torre_del_Compte"
"http://opendata.aragon.es/recurso/territorio/Municipio/Pradilla_de_Ebro","http://es.dbpedia.org/resource/Pradilla_de_Ebro"
"http://opendata.aragon.es/recurso/territorio/Municipio/Villanueva_de_Sigena","http://es.dbpedia.org/resource/Villanueva_de_Sigena"
"http://opendata.aragon.es/recurso/territorio/Municipio/Puebla_de_Albortón","http://es.dbpedia.org/resource/Puebla_de_Albortón"
"http://opendata.aragon.es/recurso/territorio/Municipio/Torre_los_Negros","http://es.dbpedia.org/resource/Torre_los_Negros"
"http://opendata.aragon.es/recurso/territorio/Municipio/Puebla_de_Alfindén_(La)","http://es.dbpedia.org/resource/La_Puebla_de_Alfindén"
"http://opendata.aragon.es/recurso/territorio/Municipio/Torremocha_de_Jiloca","http://es.dbpedia.org/resource/Torremocha_de_Jiloca"
"http://opendata.aragon.es/recurso/territorio/Municipio/Yebra_de_Basa","http://es.dbpedia.org/resource/Yebra_de_Basa"
"http://opendata.aragon.es/recurso/territorio/Municipio/Torres_de_Albarracín","http://es.dbpedia.org/resource/Torres_de_Albarracín"
"http://opendata.aragon.es/recurso/territorio/Municipio/Valle_de_Hecho","http://es.dbpedia.org/resource/Valle_de_Hecho"
"http://opendata.aragon.es/recurso/territorio/Municipio/Torrijo_del_Campo","http://es.dbpedia.org/resource/Torrijo_del_Campo"
"http://opendata.aragon.es/recurso/territorio/Municipio/Puente_la_Reina_de_Jaca","http://es.dbpedia.org/resource/Puente_la_Reina_de_Jaca"
"http://opendata.aragon.es/recurso/territorio/Municipio/San_Miguel_del_Cinca","http://es.dbpedia.org/resource/San_Miguel_del_Cinca"
"http://opendata.aragon.es/recurso/territorio/Municipio/Sotonera_(La)","http://es.dbpedia.org/resource/La_Sotonera"
"http://opendata.aragon.es/recurso/territorio/Municipio/Rueda_de_Jalón","http://es.dbpedia.org/resource/Rueda_de_Jalón"
"http://opendata.aragon.es/recurso/territorio/Municipio/Hoz_y_Costeán","http://es.dbpedia.org/resource/Hoz_y_Costeán"
"http://opendata.aragon.es/recurso/territorio/Municipio/Urrea_de_Gaén","http://es.dbpedia.org/resource/Urrea_de_Gaén"
"http://opendata.aragon.es/recurso/territorio/Municipio/Santa_María_de_Dulcis","http://es.dbpedia.org/resource/Santa_María_de_Dulcis"
"http://opendata.aragon.es/recurso/territorio/Municipio/Salillas_de_Jalón","http://es.dbpedia.org/resource/Salillas_de_Jalón"
"http://opendata.aragon.es/recurso/territorio/Municipio/San_Martín_de_la_Virgen_de_Moncayo","http://es.dbpedia.org/resource/San_Martín_de_la_Virgen_de_Moncayo"
"http://opendata.aragon.es/recurso/territorio/Municipio/Salvatierra_de_Esca","http://es.dbpedia.org/resource/Salvatierra_de_Esca"
"http://opendata.aragon.es/recurso/territorio/Municipio/Samper_del_Salz","http://es.dbpedia.org/resource/Samper_del_Salz"
"http://opendata.aragon.es/recurso/territorio/Municipio/San_Mateo_de_Gállego","http://es.dbpedia.org/resource/San_Mateo_de_Gállego"
"http://opendata.aragon.es/recurso/territorio/Municipio/Santa_Cruz_de_Grío","http://es.dbpedia.org/resource/Santa_Cruz_de_Grío"
"http://opendata.aragon.es/recurso/territorio/Municipio/Santa_Cruz_de_Moncayo","http://es.dbpedia.org/resource/Santa_Cruz_de_Moncayo"
"http://opendata.aragon.es/recurso/territorio/Municipio/Santa_Eulalia_de_Gállego","http://es.dbpedia.org/resource/Santa_Eulalia_de_Gállego"
"http://opendata.aragon.es/recurso/territorio/Municipio/Sierra_de_Luna","http://es.dbpedia.org/resource/Sierra_de_Luna"
"http://opendata.aragon.es/recurso/territorio/Municipio/Sos_del_Rey_Católico","http://es.dbpedia.org/resource/Sos_del_Rey_Católico"
"http://opendata.aragon.es/recurso/territorio/Municipio/Torralba_de_los_Frailes","http://es.dbpedia.org/resource/Torralba_de_los_Frailes"
"http://opendata.aragon.es/recurso/territorio/Municipio/Torralba_de_Ribota","http://es.dbpedia.org/resource/Torralba_de_Ribota"
"http://opendata.aragon.es/recurso/territorio/Municipio/Torres_de_Berrellén","http://es.dbpedia.org/resource/Torres_de_Berrellén"
"http://opendata.aragon.es/recurso/territorio/Municipio/Undués_de_Lerda","http://es.dbpedia.org/resource/Undués_de_Lerda"
"http://opendata.aragon.es/recurso/territorio/Municipio/Torrijo_de_la_Cañada","http://es.dbpedia.org/resource/Torrijo_de_la_Cañada"
"http://opendata.aragon.es/recurso/territorio/Municipio/Urrea_de_Jalón","http://es.dbpedia.org/resource/Urrea_de_Jalón"
"http://opendata.aragon.es/recurso/territorio/Municipio/Val_de_San_Martín","http://es.dbpedia.org/resource/Val_de_San_Martín"
"http://opendata.aragon.es/recurso/territorio/Municipio/Velilla_de_Ebro","http://es.dbpedia.org/resource/Velilla_de_Ebro"
"http://opendata.aragon.es/recurso/territorio/Municipio/Velilla_de_Jiloca","http://es.dbpedia.org/resource/Velilla_de_Jiloca"
"http://opendata.aragon.es/recurso/territorio/Municipio/Vera_de_Moncayo","http://es.dbpedia.org/resource/Vera_de_Moncayo"
"http://opendata.aragon.es/recurso/territorio/Municipio/Villafranca_de_Ebro","http://es.dbpedia.org/resource/Villafranca_de_Ebro"
"http://opendata.aragon.es/recurso/territorio/Municipio/Villalba_de_Perejil","http://es.dbpedia.org/resource/Villalba_de_Perejil"
"http://opendata.aragon.es/recurso/territorio/Municipio/Vilueña_(La)","http://es.dbpedia.org/resource/La_Vilueña"
"http://opendata.aragon.es/recurso/territorio/Municipio/Villanueva_de_Jiloca","http://es.dbpedia.org/resource/Villanueva_de_Jiloca"
"http://opendata.aragon.es/recurso/territorio/Municipio/Villanueva_de_Gállego","http://es.dbpedia.org/resource/Villanueva_de_Gállego"
"http://opendata.aragon.es/recurso/territorio/Municipio/Villar_de_los_Navarros","http://es.dbpedia.org/resource/Villar_de_los_Navarros"
"http://opendata.aragon.es/recurso/territorio/Municipio/Villanueva_de_Huerva","http://es.dbpedia.org/resource/Villanueva_de_Huerva"
"http://opendata.aragon.es/recurso/territorio/Municipio/Villarreal_de_Huerva","http://es.dbpedia.org/resource/Villarreal_de_Huerva"
"http://opendata.aragon.es/recurso/territorio/Municipio/Villarroya_de_la_Sierra","http://es.dbpedia.org/resource/Villarroya_de_la_Sierra"
"http://opendata.aragon.es/recurso/territorio/Municipio/Villarroya_del_Campo","http://es.dbpedia.org/resource/Villarroya_del_Campo"
"http://opendata.aragon.es/recurso/territorio/Municipio/Villamayor_de_Gállego","http://es.dbpedia.org/resource/Villamayor_de_Gállego"
"http://opendata.aragon.es/recurso/territorio/Municipio/Vallecillo_(El)","http://es.dbpedia.org/resource/El_Vallecillo"
"http://opendata.aragon.es/recurso/territorio/Municipio/Zaida_(La)","http://es.dbpedia.org/resource/La_Zaida"
"http://opendata.aragon.es/recurso/territorio/Municipio/Veguillas_de_la_Sierra","http://es.dbpedia.org/resource/Veguillas_de_la_Sierra"
"http://opendata.aragon.es/recurso/territorio/Municipio/Villafranca_del_Campo","http://es.dbpedia.org/resource/Villafranca_del_Campo"
"http://opendata.aragon.es/recurso/territorio/Municipio/Villahermosa_del_Campo","http://es.dbpedia.org/resource/Villahermosa_del_Campo"
"http://opendata.aragon.es/recurso/territorio/Municipio/Villanueva_del_Rebollar_de_la_Sierra","http://es.dbpedia.org/resource/Villanueva_del_Rebollar_de_la_Sierra"
"http://opendata.aragon.es/recurso/territorio/Municipio/Villar_del_Cobo","http://es.dbpedia.org/resource/Villar_del_Cobo"
"http://opendata.aragon.es/recurso/territorio/Municipio/Villar_del_Salz","http://es.dbpedia.org/resource/Villar_del_Salz"
"http://opendata.aragon.es/recurso/territorio/Municipio/Villarroya_de_los_Pinares","http://es.dbpedia.org/resource/Villarroya_de_los_Pinares"
"http://opendata.aragon.es/recurso/territorio/Municipio/Vivel_del_Río_Martín","http://es.dbpedia.org/resource/Vivel_del_Río_Martín"
"http://opendata.aragon.es/recurso/territorio/Municipio/Zoma_(La)","http://es.dbpedia.org/resource/La_Zoma"
"http://opendata.aragon.es/recurso/territorio/Municipio/Aranda_de_Moncayo","http://es.dbpedia.org/resource/Aranda_de_Moncayo"
  ]
]