MUN_URI,MUN_NOMBRE
"http://opendata.aragon.es/recurso/territorio/Municipio/Abiego","Abiego"
"http://opendata.aragon.es/recurso/territorio/Municipio/Agüero","Agüero"
"http://opendata.aragon.es/recurso/territorio/Municipio/Abizanda","Abizanda"
"http://opendata.aragon.es/recurso/territorio/Municipio/Albalatillo","Albalatillo"
"http://opendata.aragon.es/recurso/territorio/Municipio/Albelda","Albelda"
"http://opendata.aragon.es/recurso/territorio/Municipio/Aísa","Aísa"
"http://opendata.aragon.es/recurso/territorio/Municipio/Albalate_de_Cinca","Albalate de Cinca"
"http://opendata.aragon.es/recurso/territorio/Municipio/Adahuesca","Adahuesca"
"http://opendata.aragon.es/recurso/territorio/Municipio/Alberuela_de_Tubo","Alberuela de Tubo"
"http://opendata.aragon.es/recurso/territorio/Municipio/Albero_Bajo","Albero Bajo"
"http://opendata.aragon.es/recurso/territorio/Municipio/Albero_Alto","Albero Alto"
"http://opendata.aragon.es/recurso/territorio/Municipio/Alcampell","Alcampell"
"http://opendata.aragon.es/recurso/territorio/Municipio/Alcalá_del_Obispo","Alcalá del Obispo"
"http://opendata.aragon.es/recurso/territorio/Municipio/Alcalá_de_Gurrea","Alcalá de Gurrea"
"http://opendata.aragon.es/recurso/territorio/Municipio/Alerre","Alerre"
"http://opendata.aragon.es/recurso/territorio/Municipio/Alcubierre","Alcubierre"
"http://opendata.aragon.es/recurso/territorio/Municipio/Alcolea_de_Cinca","Alcolea de Cinca"
"http://opendata.aragon.es/recurso/territorio/Municipio/Almuniente","Almuniente"
"http://opendata.aragon.es/recurso/territorio/Municipio/Almunia_de_San_Juan","Almunia de San Juan"
"http://opendata.aragon.es/recurso/territorio/Municipio/Almudévar","Almudévar"
"http://opendata.aragon.es/recurso/territorio/Municipio/Angüés","Angüés"
"http://opendata.aragon.es/recurso/territorio/Municipio/Alfántega","Alfántega"
"http://opendata.aragon.es/recurso/territorio/Municipio/Ansó","Ansó"
"http://opendata.aragon.es/recurso/territorio/Municipio/Altorricón","Altorricón"
"http://opendata.aragon.es/recurso/territorio/Municipio/Alquézar","Alquézar"
"http://opendata.aragon.es/recurso/territorio/Municipio/Arén","Arén"
"http://opendata.aragon.es/recurso/territorio/Municipio/Aragüés_del_Puerto","Aragüés del Puerto"
"http://opendata.aragon.es/recurso/territorio/Municipio/Antillón","Antillón"
"http://opendata.aragon.es/recurso/territorio/Municipio/Ayerbe","Ayerbe"
"http://opendata.aragon.es/recurso/territorio/Municipio/Arguis","Arguis"
"http://opendata.aragon.es/recurso/territorio/Municipio/Argavieso","Argavieso"
"http://opendata.aragon.es/recurso/territorio/Municipio/Azara","Azara"
"http://opendata.aragon.es/recurso/territorio/Municipio/Baells","Baélls"
"http://opendata.aragon.es/recurso/territorio/Municipio/Azanuy-Alins","Azanuy-Alins"
"http://opendata.aragon.es/recurso/territorio/Municipio/Bailo","Bailo"
"http://opendata.aragon.es/recurso/territorio/Municipio/Azlor","Azlor"
"http://opendata.aragon.es/recurso/territorio/Municipio/Baldellou","Baldellou"
"http://opendata.aragon.es/recurso/territorio/Municipio/Ballobar","Ballobar"
"http://opendata.aragon.es/recurso/territorio/Municipio/Banastás","Banastás"
"http://opendata.aragon.es/recurso/territorio/Municipio/Barbastro","Barbastro"
"http://opendata.aragon.es/recurso/territorio/Municipio/Barbués","Barbués"
"http://opendata.aragon.es/recurso/territorio/Municipio/Barbuñales","Barbuñales"
"http://opendata.aragon.es/recurso/territorio/Municipio/Bárcabo","Bárcabo"
"http://opendata.aragon.es/recurso/territorio/Municipio/Benabarre","Benabarre"
"http://opendata.aragon.es/recurso/territorio/Municipio/Belver_de_Cinca","Belver de Cinca"
"http://opendata.aragon.es/recurso/territorio/Municipio/Berbegal","Berbegal"
"http://opendata.aragon.es/recurso/territorio/Municipio/Bielsa","Bielsa"
"http://opendata.aragon.es/recurso/territorio/Municipio/Benasque","Benasque"
"http://opendata.aragon.es/recurso/territorio/Municipio/Bierge","Bierge"
"http://opendata.aragon.es/recurso/territorio/Municipio/Binaced","Binaced"
"http://opendata.aragon.es/recurso/territorio/Municipio/Biescas","Biescas"
"http://opendata.aragon.es/recurso/territorio/Municipio/Biscarrués","Biscarrués"
"http://opendata.aragon.es/recurso/territorio/Municipio/Binéfar","Binéfar"
"http://opendata.aragon.es/recurso/territorio/Municipio/Boltaña","Boltaña"
"http://opendata.aragon.es/recurso/territorio/Municipio/Blecua_y_Torres","Blecua y Torres"
"http://opendata.aragon.es/recurso/territorio/Municipio/Bonansa","Bonansa"
"http://opendata.aragon.es/recurso/territorio/Municipio/Bisaurri","Bisaurri"
"http://opendata.aragon.es/recurso/territorio/Municipio/Broto","Broto"
"http://opendata.aragon.es/recurso/territorio/Municipio/Camporrells","Camporrells"
"http://opendata.aragon.es/recurso/territorio/Municipio/Borau","Borau"
"http://opendata.aragon.es/recurso/territorio/Municipio/Campo","Campo"
"http://opendata.aragon.es/recurso/territorio/Municipio/Canal_de_Berdún","Canal de Berdún"
"http://opendata.aragon.es/recurso/territorio/Municipio/Caldearenas","Caldearenas"
"http://opendata.aragon.es/recurso/territorio/Municipio/Canfranc","Canfranc"
"http://opendata.aragon.es/recurso/territorio/Municipio/Candasnos","Candasnos"
"http://opendata.aragon.es/recurso/territorio/Municipio/Capdesaso","Capdesaso"
"http://opendata.aragon.es/recurso/territorio/Municipio/Capella","Capella"
"http://opendata.aragon.es/recurso/territorio/Municipio/Casbas_de_Huesca","Casbas de Huesca"
"http://opendata.aragon.es/recurso/territorio/Municipio/Castejón_del_Puente","Castejón del Puente"
"http://opendata.aragon.es/recurso/territorio/Municipio/Castejón_de_Monegros","Castejón de Monegros"
"http://opendata.aragon.es/recurso/territorio/Municipio/Castejón_de_Sos","Castejón de Sos"
"http://opendata.aragon.es/recurso/territorio/Municipio/Castigaleu","Castigaleu"
"http://opendata.aragon.es/recurso/territorio/Municipio/Castelflorite","Castelflorite"
"http://opendata.aragon.es/recurso/territorio/Municipio/Castiello_de_Jaca","Castiello de Jaca"
"http://opendata.aragon.es/recurso/territorio/Municipio/Castillazuelo","Castillazuelo"
"http://opendata.aragon.es/recurso/territorio/Municipio/Castillonroy","Castillonroy"
"http://opendata.aragon.es/recurso/territorio/Municipio/Chía","Chía"
"http://opendata.aragon.es/recurso/territorio/Municipio/Colungo","Colungo"
"http://opendata.aragon.es/recurso/territorio/Municipio/Esplús","Esplús"
"http://opendata.aragon.es/recurso/territorio/Municipio/Chimillas","Chimillas"
"http://opendata.aragon.es/recurso/territorio/Municipio/Chalamera","Chalamera"
"http://opendata.aragon.es/recurso/territorio/Municipio/Estada","Estada"
"http://opendata.aragon.es/recurso/territorio/Municipio/Estadilla","Estadilla"
"http://opendata.aragon.es/recurso/territorio/Municipio/Fago","Fago"
"http://opendata.aragon.es/recurso/territorio/Municipio/Fanlo","Fanlo"
"http://opendata.aragon.es/recurso/territorio/Municipio/Estopiñán_del_Castillo","Estopiñán del Castillo"
"http://opendata.aragon.es/recurso/territorio/Municipio/Fonz","Fonz"
"http://opendata.aragon.es/recurso/territorio/Municipio/Fiscal","Fiscal"
"http://opendata.aragon.es/recurso/territorio/Municipio/Fraga","Fraga"
"http://opendata.aragon.es/recurso/territorio/Municipio/Foradada_del_Toscar","Foradada del Toscar"
"http://opendata.aragon.es/recurso/territorio/Municipio/Fueva_(La)","La Fueva"
"http://opendata.aragon.es/recurso/territorio/Municipio/Grado_(El)","El Grado"
"http://opendata.aragon.es/recurso/territorio/Municipio/Gistaín","Gistaín"
"http://opendata.aragon.es/recurso/territorio/Municipio/Grañén","Grañén"
"http://opendata.aragon.es/recurso/territorio/Municipio/Gurrea_de_Gállego","Gurrea de Gállego"
"http://opendata.aragon.es/recurso/territorio/Municipio/Graus","Graus"
"http://opendata.aragon.es/recurso/territorio/Municipio/Hoz_de_Jaca","Hoz de Jaca"
"http://opendata.aragon.es/recurso/territorio/Municipio/Huerto","Huerto"
"http://opendata.aragon.es/recurso/territorio/Municipio/Igriés","Igriés"
"http://opendata.aragon.es/recurso/territorio/Municipio/Ibieca","Ibieca"
"http://opendata.aragon.es/recurso/territorio/Municipio/Huesca","Huesca"
"http://opendata.aragon.es/recurso/territorio/Municipio/Jaca","Jaca"
"http://opendata.aragon.es/recurso/territorio/Municipio/Isábena","Isábena"
"http://opendata.aragon.es/recurso/territorio/Municipio/Ilche","Ilche"
"http://opendata.aragon.es/recurso/territorio/Municipio/Laluenga","Laluenga"
"http://opendata.aragon.es/recurso/territorio/Municipio/Labuerda","Labuerda"
"http://opendata.aragon.es/recurso/territorio/Municipio/Jasa","Jasa"
"http://opendata.aragon.es/recurso/territorio/Municipio/Laperdiguera","Laperdiguera"
"http://opendata.aragon.es/recurso/territorio/Municipio/Lanaja","Lanaja"
"http://opendata.aragon.es/recurso/territorio/Municipio/Lascuarre","Lascuarre"
"http://opendata.aragon.es/recurso/territorio/Municipio/Lalueza","Lalueza"
"http://opendata.aragon.es/recurso/territorio/Municipio/Laspuña","Laspuña"
"http://opendata.aragon.es/recurso/territorio/Municipio/Laspaúles","Laspaúles"
"http://opendata.aragon.es/recurso/territorio/Municipio/Lascellas-Ponzano","Lascellas Ponzano"
"http://opendata.aragon.es/recurso/territorio/Municipio/Loscorrales","Loscorrales"
"http://opendata.aragon.es/recurso/territorio/Municipio/Loporzano","Loporzano"
"http://opendata.aragon.es/recurso/territorio/Municipio/Loarre","Loarre"
"http://opendata.aragon.es/recurso/territorio/Municipio/Montanuy","Montanuy"
"http://opendata.aragon.es/recurso/territorio/Municipio/Monflorite-Lascasas","Monflorite Lascasas"
"http://opendata.aragon.es/recurso/territorio/Municipio/Monesma_y_Cajigar","Monesma y Cajigar"
"http://opendata.aragon.es/recurso/territorio/Municipio/Novales","Novales"
"http://opendata.aragon.es/recurso/territorio/Municipio/Naval","Naval"
"http://opendata.aragon.es/recurso/territorio/Municipio/Monzón","Monzón"
"http://opendata.aragon.es/recurso/territorio/Municipio/Ontiñena","Ontiñena"
"http://opendata.aragon.es/recurso/territorio/Municipio/Osso_de_Cinca","Osso de Cinca"
"http://opendata.aragon.es/recurso/territorio/Municipio/Olvena","Olvena"
"http://opendata.aragon.es/recurso/territorio/Municipio/Nueno","Nueno"
"http://opendata.aragon.es/recurso/territorio/Municipio/Panticosa","Panticosa"
"http://opendata.aragon.es/recurso/territorio/Municipio/Palo","Palo"
"http://opendata.aragon.es/recurso/territorio/Municipio/Peñas_de_Riglos_(Las)","Las Peñas de Riglos"
"http://opendata.aragon.es/recurso/territorio/Municipio/Peñalba","Peñalba"
"http://opendata.aragon.es/recurso/territorio/Municipio/Peralta_de_Calasanz","Peralta de Calasanz"
"http://opendata.aragon.es/recurso/territorio/Municipio/Peralta_de_Alcofea","Peralta de Alcofea"
"http://opendata.aragon.es/recurso/territorio/Municipio/Perarrúa","Perarrúa"
"http://opendata.aragon.es/recurso/territorio/Municipio/Plan","Plan"
"http://opendata.aragon.es/recurso/territorio/Municipio/Peraltilla","Peraltilla"
"http://opendata.aragon.es/recurso/territorio/Municipio/Pozán_de_Vero","Pozán de Vero"
"http://opendata.aragon.es/recurso/territorio/Municipio/Poleñino","Poleñino"
"http://opendata.aragon.es/recurso/territorio/Municipio/Piracés","Piracés"
"http://opendata.aragon.es/recurso/territorio/Municipio/Pertusa","Pertusa"
"http://opendata.aragon.es/recurso/territorio/Municipio/Puente_de_Montañana","Puente de Montañana"
"http://opendata.aragon.es/recurso/territorio/Municipio/Puebla_de_Castro_(La)","La Puebla de Castro"
"http://opendata.aragon.es/recurso/territorio/Municipio/Pueyo_de_Araguás_(El)","El Pueyo de Araguás"
"http://opendata.aragon.es/recurso/territorio/Municipio/Puértolas","Puértolas"
"http://opendata.aragon.es/recurso/territorio/Municipio/Pueyo_de_Santa_Cruz","Pueyo de Santa Cruz"
"http://opendata.aragon.es/recurso/territorio/Municipio/Quicena","Quicena"
"http://opendata.aragon.es/recurso/territorio/Municipio/Robres","Robres"
"http://opendata.aragon.es/recurso/territorio/Municipio/Sahún","Sahún"
"http://opendata.aragon.es/recurso/territorio/Municipio/Sabiñánigo","Sabiñánigo"
"http://opendata.aragon.es/recurso/territorio/Municipio/Salillas","Salillas"
"http://opendata.aragon.es/recurso/territorio/Municipio/Salas_Altas","Salas Altas"
"http://opendata.aragon.es/recurso/territorio/Municipio/Salas_Bajas","Salas Bajas"
"http://opendata.aragon.es/recurso/territorio/Municipio/Sallent_de_Gállego","Sallent de Gállego"
"http://opendata.aragon.es/recurso/territorio/Municipio/San_Esteban_de_Litera","San Esteban de Litera"
"http://opendata.aragon.es/recurso/territorio/Municipio/Sangarrén","Sangarrén"
"http://opendata.aragon.es/recurso/territorio/Municipio/Santa_Cilia","Santa Cilia"
"http://opendata.aragon.es/recurso/territorio/Municipio/Sariñena","Sariñena"
"http://opendata.aragon.es/recurso/territorio/Municipio/Secastilla","Secastilla"
"http://opendata.aragon.es/recurso/territorio/Municipio/San_Juan_de_Plan","San Juan de Plan"
"http://opendata.aragon.es/recurso/territorio/Municipio/Seira","Seira"
"http://opendata.aragon.es/recurso/territorio/Municipio/Santaliestra_y_San_Quílez","Santaliestra y San Quílez"
"http://opendata.aragon.es/recurso/territorio/Municipio/Santa_Cruz_de_la_Serós","Santa Cruz de la Serós"
"http://opendata.aragon.es/recurso/territorio/Municipio/Senés_de_Alcubierre","Senés de Alcubierre"
"http://opendata.aragon.es/recurso/territorio/Municipio/Sena","Sena"
"http://opendata.aragon.es/recurso/territorio/Municipio/Sesa","Sesa"
"http://opendata.aragon.es/recurso/territorio/Municipio/Sesué","Sesué"
"http://opendata.aragon.es/recurso/territorio/Municipio/Siétamo","Siétamo"
"http://opendata.aragon.es/recurso/territorio/Municipio/Tamarite_de_Litera","Tamarite de Litera"
"http://opendata.aragon.es/recurso/territorio/Municipio/Sopeira","Sopeira"
"http://opendata.aragon.es/recurso/territorio/Municipio/Tardienta","Tardienta"
"http://opendata.aragon.es/recurso/territorio/Municipio/Tolva","Tolva"
"http://opendata.aragon.es/recurso/territorio/Municipio/Tella-Sin","Tella-Sin"
"http://opendata.aragon.es/recurso/territorio/Municipio/Tierz","Tierz"
"http://opendata.aragon.es/recurso/territorio/Municipio/Torla","Torla"
"http://opendata.aragon.es/recurso/territorio/Municipio/Torralba_de_Aragón","Torralba de Aragón"
"http://opendata.aragon.es/recurso/territorio/Municipio/Torrente_de_Cinca","Torrente de Cinca"
"http://opendata.aragon.es/recurso/territorio/Municipio/Torres_de_Alcanadre","Torres de Alcanadre"
"http://opendata.aragon.es/recurso/territorio/Municipio/Torres_de_Barbués","Torres de Barbués"
"http://opendata.aragon.es/recurso/territorio/Municipio/Tramaced","Tramaced"
"http://opendata.aragon.es/recurso/territorio/Municipio/Torre_la_Ribera","Torre la Ribera"
"http://opendata.aragon.es/recurso/territorio/Municipio/Valle_de_Bardají","Valle de Bardají"
"http://opendata.aragon.es/recurso/territorio/Municipio/Valle_de_Lierp","Valle de Lierp"
"http://opendata.aragon.es/recurso/territorio/Municipio/Valfarta","Valfarta"
"http://opendata.aragon.es/recurso/territorio/Municipio/Velilla_de_Cinca","Velilla de Cinca"
"http://opendata.aragon.es/recurso/territorio/Municipio/Veracruz","Veracruz"
"http://opendata.aragon.es/recurso/territorio/Municipio/Viacamp_y_Litera","Viacamp y Litera"
"http://opendata.aragon.es/recurso/territorio/Municipio/Villanova","Villanova"
"http://opendata.aragon.es/recurso/territorio/Municipio/Villanúa","Villanúa"
"http://opendata.aragon.es/recurso/territorio/Municipio/Vicién","Vicién"
"http://opendata.aragon.es/recurso/territorio/Municipio/Villanueva_de_Sigena","Villanueva de Sigena"
"http://opendata.aragon.es/recurso/territorio/Municipio/Yésero","Yésero"
"http://opendata.aragon.es/recurso/territorio/Municipio/Yebra_de_Basa","Yebra de Basa"
"http://opendata.aragon.es/recurso/territorio/Municipio/Zaidín","Zaidín"
"http://opendata.aragon.es/recurso/territorio/Municipio/San_Miguel_del_Cinca","San Miguel del Cinca"
"http://opendata.aragon.es/recurso/territorio/Municipio/Valle_de_Hecho","Valle de Hecho"
"http://opendata.aragon.es/recurso/territorio/Municipio/Puente_la_Reina_de_Jaca","Puente la Reina de Jaca"
"http://opendata.aragon.es/recurso/territorio/Municipio/Lupiñén-Ortilla","Lupiñén-Ortilla"
"http://opendata.aragon.es/recurso/territorio/Municipio/Sotonera_(La)","La Sotonera"
"http://opendata.aragon.es/recurso/territorio/Municipio/Aínsa-Sobrarbe","Aínsa-Sobrarbe"
"http://opendata.aragon.es/recurso/territorio/Municipio/Santa_María_de_Dulcis","Santa María de Dulcis"
"http://opendata.aragon.es/recurso/territorio/Municipio/Hoz_y_Costeán","Hoz y Costeán"
"http://opendata.aragon.es/recurso/territorio/Municipio/Vencillón","Vencillón"
"http://opendata.aragon.es/recurso/territorio/Municipio/Ababuj","Ababuj"
"http://opendata.aragon.es/recurso/territorio/Municipio/Aguatón","Aguatón"
"http://opendata.aragon.es/recurso/territorio/Municipio/Aguaviva","Aguaviva"
"http://opendata.aragon.es/recurso/territorio/Municipio/Aguilar_del_Alfambra","Aguilar del Alfambra"
"http://opendata.aragon.es/recurso/territorio/Municipio/Abejuela","Abejuela"
"http://opendata.aragon.es/recurso/territorio/Municipio/Alba","Alba"
"http://opendata.aragon.es/recurso/territorio/Municipio/Alacón","Alacón"
"http://opendata.aragon.es/recurso/territorio/Municipio/Albarracín","Albarracín"
"http://opendata.aragon.es/recurso/territorio/Municipio/Albentosa","Albentosa"
"http://opendata.aragon.es/recurso/territorio/Municipio/Alcaine","Alcaine"
"http://opendata.aragon.es/recurso/territorio/Municipio/Alcalá_de_la_Selva","Alcalá de la Selva"
"http://opendata.aragon.es/recurso/territorio/Municipio/Albalate_del_Arzobispo","Albalate del Arzobispo"
"http://opendata.aragon.es/recurso/territorio/Municipio/Alfambra","Alfambra"
"http://opendata.aragon.es/recurso/territorio/Municipio/Alcorisa","Alcorisa"
"http://opendata.aragon.es/recurso/territorio/Municipio/Alcañiz","Alcañiz"
"http://opendata.aragon.es/recurso/territorio/Municipio/Almohaja","Almohaja"
"http://opendata.aragon.es/recurso/territorio/Municipio/Aliaga","Aliaga"
"http://opendata.aragon.es/recurso/territorio/Municipio/Alpeñés","Alpeñés"
"http://opendata.aragon.es/recurso/territorio/Municipio/Allepuz","Allepuz"
"http://opendata.aragon.es/recurso/territorio/Municipio/Allueva","Allueva"
"http://opendata.aragon.es/recurso/territorio/Municipio/Anadón","Anadón"
"http://opendata.aragon.es/recurso/territorio/Municipio/Andorra","Andorra"
"http://opendata.aragon.es/recurso/territorio/Municipio/Arcos_de_las_Salinas","Arcos de las Salinas"
"http://opendata.aragon.es/recurso/territorio/Municipio/Alobras","Alobras"
"http://opendata.aragon.es/recurso/territorio/Municipio/Argente","Argente"
"http://opendata.aragon.es/recurso/territorio/Municipio/Arens_de_Lledó","Arens de Lledó"
"http://opendata.aragon.es/recurso/territorio/Municipio/Ariño","Ariño"
"http://opendata.aragon.es/recurso/territorio/Municipio/Alloza","Alloza"
"http://opendata.aragon.es/recurso/territorio/Municipio/Bádenas","Bádenas"
"http://opendata.aragon.es/recurso/territorio/Municipio/Azaila","Azaila"
"http://opendata.aragon.es/recurso/territorio/Municipio/Barrachina","Barrachina"
"http://opendata.aragon.es/recurso/territorio/Municipio/Bañón","Bañón"
"http://opendata.aragon.es/recurso/territorio/Municipio/Báguena","Báguena"
"http://opendata.aragon.es/recurso/territorio/Municipio/Belmonte_de_San_José","Belmonte de San José"
"http://opendata.aragon.es/recurso/territorio/Municipio/Beceite","Beceite"
"http://opendata.aragon.es/recurso/territorio/Municipio/Bea","Bea"
"http://opendata.aragon.es/recurso/territorio/Municipio/Bezas","Bezas"
"http://opendata.aragon.es/recurso/territorio/Municipio/Bello","Bello"
"http://opendata.aragon.es/recurso/territorio/Municipio/Blancas","Blancas"
"http://opendata.aragon.es/recurso/territorio/Municipio/Bordón","Bordón"
"http://opendata.aragon.es/recurso/territorio/Municipio/Berge","Berge"
"http://opendata.aragon.es/recurso/territorio/Municipio/Bronchales","Bronchales"
"http://opendata.aragon.es/recurso/territorio/Municipio/Bueña","Bueña"
"http://opendata.aragon.es/recurso/territorio/Municipio/Burbáguena","Burbáguena"
"http://opendata.aragon.es/recurso/territorio/Municipio/Blesa","Blesa"
"http://opendata.aragon.es/recurso/territorio/Municipio/Calaceite","Calaceite"
"http://opendata.aragon.es/recurso/territorio/Municipio/Cabra_de_Mora","Cabra de Mora"
"http://opendata.aragon.es/recurso/territorio/Municipio/Calomarde","Calomarde"
"http://opendata.aragon.es/recurso/territorio/Municipio/Camañas","Camañas"
"http://opendata.aragon.es/recurso/territorio/Municipio/Camarena_de_la_Sierra","Camarena de la Sierra"
"http://opendata.aragon.es/recurso/territorio/Municipio/Calanda","Calanda"
"http://opendata.aragon.es/recurso/territorio/Municipio/Caminreal","Caminreal"
"http://opendata.aragon.es/recurso/territorio/Municipio/Camarillas","Camarillas"
"http://opendata.aragon.es/recurso/territorio/Municipio/Calamocha","Calamocha"
"http://opendata.aragon.es/recurso/territorio/Municipio/Cantavieja","Cantavieja"
"http://opendata.aragon.es/recurso/territorio/Municipio/Cañada_de_Verich_(La)","La Cañada de Verich"
"http://opendata.aragon.es/recurso/territorio/Municipio/Cañada_de_Benatanduz","Cañada de Benatanduz"
"http://opendata.aragon.es/recurso/territorio/Municipio/Cañada_Vellida","Cañada Vellida"
"http://opendata.aragon.es/recurso/territorio/Municipio/Cascante_del_Río","Cascante del Río"
"http://opendata.aragon.es/recurso/territorio/Municipio/Cañizar_del_Olivar","Cañizar del Olivar"
"http://opendata.aragon.es/recurso/territorio/Municipio/Castelnou","Castelnou"
"http://opendata.aragon.es/recurso/territorio/Municipio/Castel_de_Cabra","Castel de Cabra"
"http://opendata.aragon.es/recurso/territorio/Municipio/Castellar_(El)","El Castellar"
"http://opendata.aragon.es/recurso/territorio/Municipio/Castellote","Castellote"
"http://opendata.aragon.es/recurso/territorio/Municipio/Castejón_de_Tornos","Castejón de Tornos"
"http://opendata.aragon.es/recurso/territorio/Municipio/Celadas","Celadas"
"http://opendata.aragon.es/recurso/territorio/Municipio/Cella","Cella"
"http://opendata.aragon.es/recurso/territorio/Municipio/Cedrillas","Cedrillas"
"http://opendata.aragon.es/recurso/territorio/Municipio/Castelserás","Castelserás"
"http://opendata.aragon.es/recurso/territorio/Municipio/Codoñera_(La)","La Codoñera"
"http://opendata.aragon.es/recurso/territorio/Municipio/Cerollera_(La)","La Cerollera"
"http://opendata.aragon.es/recurso/territorio/Municipio/Cosa","Cosa"
"http://opendata.aragon.es/recurso/territorio/Municipio/Cortes_de_Aragón","Cortes de Aragón"
"http://opendata.aragon.es/recurso/territorio/Municipio/Crivillén","Crivillén"
"http://opendata.aragon.es/recurso/territorio/Municipio/Cuba_(La)","La Cuba"
"http://opendata.aragon.es/recurso/territorio/Municipio/Corbalán","Corbalán"
"http://opendata.aragon.es/recurso/territorio/Municipio/Cucalón","Cucalón"
"http://opendata.aragon.es/recurso/territorio/Municipio/Cuervo_(El)","El Cuervo"
"http://opendata.aragon.es/recurso/territorio/Municipio/Cubla","Cubla"
"http://opendata.aragon.es/recurso/territorio/Municipio/Cuevas_Labradas","Cuevas Labradas"
"http://opendata.aragon.es/recurso/territorio/Municipio/Ejulve","Ejulve"
"http://opendata.aragon.es/recurso/territorio/Municipio/Cretas","Cretas"
"http://opendata.aragon.es/recurso/territorio/Municipio/Escucha","Escucha"
"http://opendata.aragon.es/recurso/territorio/Municipio/Estercuel","Estercuel"
"http://opendata.aragon.es/recurso/territorio/Municipio/Ferreruela_de_Huerva","Ferreruela de Huerva"
"http://opendata.aragon.es/recurso/territorio/Municipio/Escorihuela","Escorihuela"
"http://opendata.aragon.es/recurso/territorio/Municipio/Cuevas_de_Almudén","Cuevas de Almudén"
"http://opendata.aragon.es/recurso/territorio/Municipio/Fórnoles","Fórnoles"
"http://opendata.aragon.es/recurso/territorio/Municipio/Formiche_Alto","Formiche Alto"
"http://opendata.aragon.es/recurso/territorio/Municipio/Fonfría","Fonfría"
"http://opendata.aragon.es/recurso/territorio/Municipio/Fresneda_(La)","La Fresneda"
"http://opendata.aragon.es/recurso/territorio/Municipio/Foz-Calanda","Foz-Calanda"
"http://opendata.aragon.es/recurso/territorio/Municipio/Fortanete","Fortanete"
"http://opendata.aragon.es/recurso/territorio/Municipio/Fuenferrada","Fuenferrada"
"http://opendata.aragon.es/recurso/territorio/Municipio/Fuentes_Calientes","Fuentes Calientes"
"http://opendata.aragon.es/recurso/territorio/Municipio/Fuentes_Claras","Fuentes Claras"
"http://opendata.aragon.es/recurso/territorio/Municipio/Frías_de_Albarracín","Frías de Albarracín"
"http://opendata.aragon.es/recurso/territorio/Municipio/Fuentespalda","Fuentespalda"
"http://opendata.aragon.es/recurso/territorio/Municipio/Gea_de_Albarracín","Gea de Albarracín"
"http://opendata.aragon.es/recurso/territorio/Municipio/Fuentes_de_Rubielos","Fuentes de Rubielos"
"http://opendata.aragon.es/recurso/territorio/Municipio/Gargallo","Gargallo"
"http://opendata.aragon.es/recurso/territorio/Municipio/Galve","Galve"
"http://opendata.aragon.es/recurso/territorio/Municipio/Guadalaviar","Guadalaviar"
"http://opendata.aragon.es/recurso/territorio/Municipio/Ginebrosa_(La)","La Ginebrosa"
"http://opendata.aragon.es/recurso/territorio/Municipio/Gúdar","Gúdar"
"http://opendata.aragon.es/recurso/territorio/Municipio/Griegos","Griegos"
"http://opendata.aragon.es/recurso/territorio/Municipio/Hoz_de_la_Vieja_(La)","La Hoz de la Vieja"
"http://opendata.aragon.es/recurso/territorio/Municipio/Hinojosa_de_Jarque","Hinojosa de Jarque"
"http://opendata.aragon.es/recurso/territorio/Municipio/Híjar","Híjar"
"http://opendata.aragon.es/recurso/territorio/Municipio/Jabaloyas","Jabaloyas"
"http://opendata.aragon.es/recurso/territorio/Municipio/Iglesuela_del_Cid_(La)","La Iglesuela del Cid"
"http://opendata.aragon.es/recurso/territorio/Municipio/Huesa_del_Común","Huesa del Común"
"http://opendata.aragon.es/recurso/territorio/Municipio/Jarque_de_la_Val","Jarque de la Val"
"http://opendata.aragon.es/recurso/territorio/Municipio/Jorcas","Jorcas"
"http://opendata.aragon.es/recurso/territorio/Municipio/Josa","Josa"
"http://opendata.aragon.es/recurso/territorio/Municipio/Lagueruela","Lagueruela"
"http://opendata.aragon.es/recurso/territorio/Municipio/Jatiel","Jatiel"
"http://opendata.aragon.es/recurso/territorio/Municipio/Libros","Libros"
"http://opendata.aragon.es/recurso/territorio/Municipio/Lidón","Lidón"
"http://opendata.aragon.es/recurso/territorio/Municipio/Lanzuela","Lanzuela"
"http://opendata.aragon.es/recurso/territorio/Municipio/Loscos","Loscos"
"http://opendata.aragon.es/recurso/territorio/Municipio/Linares_de_Mora","Linares de Mora"
"http://opendata.aragon.es/recurso/territorio/Municipio/Lledó","Lledó"
"http://opendata.aragon.es/recurso/territorio/Municipio/Maicas","Maicas"
"http://opendata.aragon.es/recurso/territorio/Municipio/Manzanera","Manzanera"
"http://opendata.aragon.es/recurso/territorio/Municipio/Mas_de_las_Matas","Mas de las Matas"
"http://opendata.aragon.es/recurso/territorio/Municipio/Martín_del_Río","Martín del Río"
"http://opendata.aragon.es/recurso/territorio/Municipio/Mata_de_los_Olmos_(La)","La Mata de los Olmos"
"http://opendata.aragon.es/recurso/territorio/Municipio/Miravete_de_la_Sierra","Miravete de la Sierra"
"http://opendata.aragon.es/recurso/territorio/Municipio/Mazaleón","Mazaleón"
"http://opendata.aragon.es/recurso/territorio/Municipio/Mezquita_de_Jarque","Mezquita de Jarque"
"http://opendata.aragon.es/recurso/territorio/Municipio/Molinos","Molinos"
"http://opendata.aragon.es/recurso/territorio/Municipio/Mirambel","Mirambel"
"http://opendata.aragon.es/recurso/territorio/Municipio/Monforte_de_Moyuela","Monforte de Moyuela"
"http://opendata.aragon.es/recurso/territorio/Municipio/Monroyo","Monroyo"
"http://opendata.aragon.es/recurso/territorio/Municipio/Monteagudo_del_Castillo","Monteagudo del Castillo"
"http://opendata.aragon.es/recurso/territorio/Municipio/Moscardón","Moscardón"
"http://opendata.aragon.es/recurso/territorio/Municipio/Monreal_del_Campo","Monreal del Campo"
"http://opendata.aragon.es/recurso/territorio/Municipio/Mosqueruela","Mosqueruela"
"http://opendata.aragon.es/recurso/territorio/Municipio/Monterde_de_Albarracín","Monterde de Albarracín"
"http://opendata.aragon.es/recurso/territorio/Municipio/Montalbán","Montalbán"
"http://opendata.aragon.es/recurso/territorio/Municipio/Mora_de_Rubielos","Mora de Rubielos"
"http://opendata.aragon.es/recurso/territorio/Municipio/Noguera_de_Albarracín","Noguera de Albarracín"
"http://opendata.aragon.es/recurso/territorio/Municipio/Muniesa","Muniesa"
"http://opendata.aragon.es/recurso/territorio/Municipio/Nogueras","Nogueras"
"http://opendata.aragon.es/recurso/territorio/Municipio/Nogueruelas","Nogueruelas"
"http://opendata.aragon.es/recurso/territorio/Municipio/Obón","Obón"
"http://opendata.aragon.es/recurso/territorio/Municipio/Ojos_Negros","Ojos Negros"
"http://opendata.aragon.es/recurso/territorio/Municipio/Odón","Odón"
"http://opendata.aragon.es/recurso/territorio/Municipio/Olmos_(Los)","Los Olmos"
"http://opendata.aragon.es/recurso/territorio/Municipio/Olba","Olba"
"http://opendata.aragon.es/recurso/territorio/Municipio/Orihuela_del_Tremedal","Orihuela del Tremedal"
"http://opendata.aragon.es/recurso/territorio/Municipio/Orrios","Orrios"
"http://opendata.aragon.es/recurso/territorio/Municipio/Oliete","Oliete"
"http://opendata.aragon.es/recurso/territorio/Municipio/Peñarroya_de_Tastavins","Peñarroya de Tastavins"
"http://opendata.aragon.es/recurso/territorio/Municipio/Parras_de_Castellote_(Las)","Las Parras de Castellote"
"http://opendata.aragon.es/recurso/territorio/Municipio/Pancrudo","Pancrudo"
"http://opendata.aragon.es/recurso/territorio/Municipio/Peracense","Peracense"
"http://opendata.aragon.es/recurso/territorio/Municipio/Peralejos","Peralejos"
"http://opendata.aragon.es/recurso/territorio/Municipio/Palomar_de_Arroyos","Palomar de Arroyos"
"http://opendata.aragon.es/recurso/territorio/Municipio/Plou","Plou"
"http://opendata.aragon.es/recurso/territorio/Municipio/Pobo_(El)","El Pobo"
"http://opendata.aragon.es/recurso/territorio/Municipio/Pitarque","Pitarque"
"http://opendata.aragon.es/recurso/territorio/Municipio/Pozondón","Pozondón"
"http://opendata.aragon.es/recurso/territorio/Municipio/Perales_del_Alfambra","Perales del Alfambra"
"http://opendata.aragon.es/recurso/territorio/Municipio/Puebla_de_Híjar_(La)","La Puebla de Híjar"
"http://opendata.aragon.es/recurso/territorio/Municipio/Pozuel_del_Campo","Pozuel del Campo"
"http://opendata.aragon.es/recurso/territorio/Municipio/Portellada_(La)","La Portellada"
"http://opendata.aragon.es/recurso/territorio/Municipio/Ráfales","Ráfales"
"http://opendata.aragon.es/recurso/territorio/Municipio/Puertomingalvo","Puertomingalvo"
"http://opendata.aragon.es/recurso/territorio/Municipio/Puebla_de_Valverde_(La)","La Puebla de Valverde"
"http://opendata.aragon.es/recurso/territorio/Municipio/Ródenas","Ródenas"
"http://opendata.aragon.es/recurso/territorio/Municipio/Royuela","Royuela"
"http://opendata.aragon.es/recurso/territorio/Municipio/Riodeva","Riodeva"
"http://opendata.aragon.es/recurso/territorio/Municipio/Rubielos_de_la_Cérida","Rubielos de la Cérida"
"http://opendata.aragon.es/recurso/territorio/Municipio/Rubielos_de_Mora","Rubielos de Mora"
"http://opendata.aragon.es/recurso/territorio/Municipio/Rillo","Rillo"
"http://opendata.aragon.es/recurso/territorio/Municipio/Saldón","Saldón"
"http://opendata.aragon.es/recurso/territorio/Municipio/Salcedillo","Salcedillo"
"http://opendata.aragon.es/recurso/territorio/Municipio/San_Agustín","San Agustín"
"http://opendata.aragon.es/recurso/territorio/Municipio/Rubiales","Rubiales"
"http://opendata.aragon.es/recurso/territorio/Municipio/San_Martín_del_Río","San Martín del Río"
"http://opendata.aragon.es/recurso/territorio/Municipio/Santa_Eulalia","Santa Eulalia"
"http://opendata.aragon.es/recurso/territorio/Municipio/Samper_de_Calanda","Samper de Calanda"
"http://opendata.aragon.es/recurso/territorio/Municipio/Segura_de_los_Baños","Segura de los Baños"
"http://opendata.aragon.es/recurso/territorio/Municipio/Sarrión","Sarrión"
"http://opendata.aragon.es/recurso/territorio/Municipio/Santa_Cruz_de_Nogueras","Santa Cruz de Nogueras"
"http://opendata.aragon.es/recurso/territorio/Municipio/Terriente","Terriente"
"http://opendata.aragon.es/recurso/territorio/Municipio/Teruel","Teruel"
"http://opendata.aragon.es/recurso/territorio/Municipio/Singra","Singra"
"http://opendata.aragon.es/recurso/territorio/Municipio/Seno","Seno"
"http://opendata.aragon.es/recurso/territorio/Municipio/Tornos","Tornos"
"http://opendata.aragon.es/recurso/territorio/Municipio/Torralba_de_los_Sisones","Torralba de los Sisones"
"http://opendata.aragon.es/recurso/territorio/Municipio/Torrecilla_de_Alcañiz","Torrecilla de Alcañiz"
"http://opendata.aragon.es/recurso/territorio/Municipio/Torrecilla_del_Rebollar","Torrecilla del Rebollar"
"http://opendata.aragon.es/recurso/territorio/Municipio/Tormón","Tormón"
"http://opendata.aragon.es/recurso/territorio/Municipio/Toril_y_Masegoso","Toril y Masegoso"
"http://opendata.aragon.es/recurso/territorio/Municipio/Torre_del_Compte","Torre del Compte"
"http://opendata.aragon.es/recurso/territorio/Municipio/Torre_de_las_Arcas","Torre de las Arcas"
"http://opendata.aragon.es/recurso/territorio/Municipio/Torre_de_Arcas","Torre de Arcas"
"http://opendata.aragon.es/recurso/territorio/Municipio/Torremocha_de_Jiloca","Torremocha de Jiloca"
"http://opendata.aragon.es/recurso/territorio/Municipio/Torre_los_Negros","Torre los Negros"
"http://opendata.aragon.es/recurso/territorio/Municipio/Torrelacárcel","Torrelacárcel"
"http://opendata.aragon.es/recurso/territorio/Municipio/Torrevelilla","Torrevelilla"
"http://opendata.aragon.es/recurso/territorio/Municipio/Torres_de_Albarracín","Torres de Albarracín"
"http://opendata.aragon.es/recurso/territorio/Municipio/Torrijas","Torrijas"
"http://opendata.aragon.es/recurso/territorio/Municipio/Torrijo_del_Campo","Torrijo del Campo"
"http://opendata.aragon.es/recurso/territorio/Municipio/Tramacastiel","Tramacastiel"
"http://opendata.aragon.es/recurso/territorio/Municipio/Urrea_de_Gaén","Urrea de Gaén"
"http://opendata.aragon.es/recurso/territorio/Municipio/Tramacastilla","Tramacastilla"
"http://opendata.aragon.es/recurso/territorio/Municipio/Valacloche","Valacloche"
"http://opendata.aragon.es/recurso/territorio/Municipio/Utrillas","Utrillas"
"http://opendata.aragon.es/recurso/territorio/Municipio/Tronchón","Tronchón"
"http://opendata.aragon.es/recurso/territorio/Municipio/Valdecuenca","Valdecuenca"
"http://opendata.aragon.es/recurso/territorio/Municipio/Valdelinares","Valdelinares"
"http://opendata.aragon.es/recurso/territorio/Municipio/Valdealgorfa","Valdealgorfa"
"http://opendata.aragon.es/recurso/territorio/Municipio/Valbona","Valbona"
"http://opendata.aragon.es/recurso/territorio/Municipio/Valjunquera","Valjunquera"
"http://opendata.aragon.es/recurso/territorio/Municipio/Valderrobres","Valderrobres"
"http://opendata.aragon.es/recurso/territorio/Municipio/Valdeltormo","Valdeltormo"
"http://opendata.aragon.es/recurso/territorio/Municipio/Veguillas_de_la_Sierra","Veguillas de la Sierra"
"http://opendata.aragon.es/recurso/territorio/Municipio/Vallecillo_(El)","El Vallecillo"
"http://opendata.aragon.es/recurso/territorio/Municipio/Villanueva_del_Rebollar_de_la_Sierra","Villanueva del Rebollar de la Sierra"
"http://opendata.aragon.es/recurso/territorio/Municipio/Villahermosa_del_Campo","Villahermosa del Campo"
"http://opendata.aragon.es/recurso/territorio/Municipio/Villafranca_del_Campo","Villafranca del Campo"
"http://opendata.aragon.es/recurso/territorio/Municipio/Villarluengo","Villarluengo"
"http://opendata.aragon.es/recurso/territorio/Municipio/Villarquemado","Villarquemado"
"http://opendata.aragon.es/recurso/territorio/Municipio/Villar_del_Salz","Villar del Salz"
"http://opendata.aragon.es/recurso/territorio/Municipio/Villastar","Villastar"
"http://opendata.aragon.es/recurso/territorio/Municipio/Villar_del_Cobo","Villar del Cobo"
"http://opendata.aragon.es/recurso/territorio/Municipio/Villel","Villel"
"http://opendata.aragon.es/recurso/territorio/Municipio/Visiedo","Visiedo"
"http://opendata.aragon.es/recurso/territorio/Municipio/Villarroya_de_los_Pinares","Villarroya de los Pinares"
"http://opendata.aragon.es/recurso/territorio/Municipio/Zoma_(La)","La Zoma"
"http://opendata.aragon.es/recurso/territorio/Municipio/Vivel_del_Río_Martín","Vivel del Río Martín"
"http://opendata.aragon.es/recurso/territorio/Municipio/Acered","Acered"
"http://opendata.aragon.es/recurso/territorio/Municipio/Vinaceite","Vinaceite"
"http://opendata.aragon.es/recurso/territorio/Municipio/Aguarón","Aguarón"
"http://opendata.aragon.es/recurso/territorio/Municipio/Agón","Agón"
"http://opendata.aragon.es/recurso/territorio/Municipio/Abanto","Abanto"
"http://opendata.aragon.es/recurso/territorio/Municipio/Aladrén","Aladrén"
"http://opendata.aragon.es/recurso/territorio/Municipio/Alagón","Alagón"
"http://opendata.aragon.es/recurso/territorio/Municipio/Ainzón","Ainzón"
"http://opendata.aragon.es/recurso/territorio/Municipio/Aguilón","Aguilón"
"http://opendata.aragon.es/recurso/territorio/Municipio/Albeta","Albeta"
"http://opendata.aragon.es/recurso/territorio/Municipio/Alberite_de_San_Juan","Alberite de San Juan"
"http://opendata.aragon.es/recurso/territorio/Municipio/Alarba","Alarba"
"http://opendata.aragon.es/recurso/territorio/Municipio/Alcalá_de_Moncayo","Alcalá de Moncayo"
"http://opendata.aragon.es/recurso/territorio/Municipio/Alcalá_de_Ebro","Alcalá de Ebro"
"http://opendata.aragon.es/recurso/territorio/Municipio/Alborge","Alborge"
"http://opendata.aragon.es/recurso/territorio/Municipio/Alfajarín","Alfajarín"
"http://opendata.aragon.es/recurso/territorio/Municipio/Aldehuela_de_Liestos","Aldehuela de Liestos"
"http://opendata.aragon.es/recurso/territorio/Municipio/Alforque","Alforque"
"http://opendata.aragon.es/recurso/territorio/Municipio/Alconchel_de_Ariza","Alconchel de Ariza"
"http://opendata.aragon.es/recurso/territorio/Municipio/Almochuel","Almochuel"
"http://opendata.aragon.es/recurso/territorio/Municipio/Almolda_(La)","La Almolda"
"http://opendata.aragon.es/recurso/territorio/Municipio/Alhama_de_Aragón","Alhama de Aragón"
"http://opendata.aragon.es/recurso/territorio/Municipio/Alfamén","Alfamén"
"http://opendata.aragon.es/recurso/territorio/Municipio/Almunia_de_Doña_Godina_(La)","La Almunia de Doña Godina"
"http://opendata.aragon.es/recurso/territorio/Municipio/Almonacid_de_la_Sierra","Almonacid de la Sierra"
"http://opendata.aragon.es/recurso/territorio/Municipio/Almonacid_de_la_Cuba","Almonacid de la Cuba"
"http://opendata.aragon.es/recurso/territorio/Municipio/Anento","Anento"
"http://opendata.aragon.es/recurso/territorio/Municipio/Ambel","Ambel"
"http://opendata.aragon.es/recurso/territorio/Municipio/Alpartir","Alpartir"
"http://opendata.aragon.es/recurso/territorio/Municipio/Aranda_de_Moncayo","Aranda de Moncayo"
"http://opendata.aragon.es/recurso/territorio/Municipio/Añón_de_Moncayo","Añón de Moncayo"
"http://opendata.aragon.es/recurso/territorio/Municipio/Aniñón","Aniñón"
"http://opendata.aragon.es/recurso/territorio/Municipio/Ariza","Ariza"
"http://opendata.aragon.es/recurso/territorio/Municipio/Ardisa","Ardisa"
"http://opendata.aragon.es/recurso/territorio/Municipio/Arándiga","Arándiga"
"http://opendata.aragon.es/recurso/territorio/Municipio/Atea","Atea"
"http://opendata.aragon.es/recurso/territorio/Municipio/Asín","Asín"
"http://opendata.aragon.es/recurso/territorio/Municipio/Artieda","Artieda"
"http://opendata.aragon.es/recurso/territorio/Municipio/Badules","Badules"
"http://opendata.aragon.es/recurso/territorio/Municipio/Azuara","Azuara"
"http://opendata.aragon.es/recurso/territorio/Municipio/Ateca","Ateca"
"http://opendata.aragon.es/recurso/territorio/Municipio/Bárboles","Bárboles"
"http://opendata.aragon.es/recurso/territorio/Municipio/Balconchán","Balconchán"
"http://opendata.aragon.es/recurso/territorio/Municipio/Bagüés","Bagüés"
"http://opendata.aragon.es/recurso/territorio/Municipio/Berdejo","Berdejo"
"http://opendata.aragon.es/recurso/territorio/Municipio/Belmonte_de_Gracián","Belmonte de Gracián"
"http://opendata.aragon.es/recurso/territorio/Municipio/Belchite","Belchite"
"http://opendata.aragon.es/recurso/territorio/Municipio/Bardallur","Bardallur"
"http://opendata.aragon.es/recurso/territorio/Municipio/Bijuesca","Bijuesca"
"http://opendata.aragon.es/recurso/territorio/Municipio/Berrueco","Berrueco"
"http://opendata.aragon.es/recurso/territorio/Municipio/Boquiñeni","Boquiñeni"
"http://opendata.aragon.es/recurso/territorio/Municipio/Bisimbre","Bisimbre"
"http://opendata.aragon.es/recurso/territorio/Municipio/Biota","Biota"
"http://opendata.aragon.es/recurso/territorio/Municipio/Botorrita","Botorrita"
"http://opendata.aragon.es/recurso/territorio/Municipio/Borja","Borja"
"http://opendata.aragon.es/recurso/territorio/Municipio/Bordalba","Bordalba"
"http://opendata.aragon.es/recurso/territorio/Municipio/Bujaraloz","Bujaraloz"
"http://opendata.aragon.es/recurso/territorio/Municipio/Bubierca","Bubierca"
"http://opendata.aragon.es/recurso/territorio/Municipio/Brea_de_Aragón","Brea de Aragón"
"http://opendata.aragon.es/recurso/territorio/Municipio/Burgo_de_Ebro_(El)","El Burgo de Ebro"
"http://opendata.aragon.es/recurso/territorio/Municipio/Bureta","Bureta"
"http://opendata.aragon.es/recurso/territorio/Municipio/Bulbuente","Bulbuente"
"http://opendata.aragon.es/recurso/territorio/Municipio/Cabolafuente","Cabolafuente"
"http://opendata.aragon.es/recurso/territorio/Municipio/Cabañas_de_Ebro","Cabañas de Ebro"
"http://opendata.aragon.es/recurso/territorio/Municipio/Buste_(El)","El Buste"
"http://opendata.aragon.es/recurso/territorio/Municipio/Calatorao","Calatorao"
"http://opendata.aragon.es/recurso/territorio/Municipio/Calatayud","Calatayud"
"http://opendata.aragon.es/recurso/territorio/Municipio/Cadrete","Cadrete"
"http://opendata.aragon.es/recurso/territorio/Municipio/Campillo_de_Aragón","Campillo de Aragón"
"http://opendata.aragon.es/recurso/territorio/Municipio/Calmarza","Calmarza"
"http://opendata.aragon.es/recurso/territorio/Municipio/Calcena","Calcena"
"http://opendata.aragon.es/recurso/territorio/Municipio/Caspe","Caspe"
"http://opendata.aragon.es/recurso/territorio/Municipio/Castejón_de_Alarba","Castejón de Alarba"
"http://opendata.aragon.es/recurso/territorio/Municipio/Cariñena","Cariñena"
"http://opendata.aragon.es/recurso/territorio/Municipio/Carenas","Carenas"
"http://opendata.aragon.es/recurso/territorio/Municipio/Cervera_de_la_Cañada","Cervera de la Cañada"
"http://opendata.aragon.es/recurso/territorio/Municipio/Cerveruela","Cerveruela"
"http://opendata.aragon.es/recurso/territorio/Municipio/Castiliscar","Castiliscar"
"http://opendata.aragon.es/recurso/territorio/Municipio/Castejón_de_Valdejasa","Castejón de Valdejasa"
"http://opendata.aragon.es/recurso/territorio/Municipio/Castejón_de_las_Armas","Castejón de las Armas"
"http://opendata.aragon.es/recurso/territorio/Municipio/Cinco_Olivas","Cinco Olivas"
"http://opendata.aragon.es/recurso/territorio/Municipio/Cimballa","Cimballa"
"http://opendata.aragon.es/recurso/territorio/Municipio/Cetina","Cetina"
"http://opendata.aragon.es/recurso/territorio/Municipio/Codos","Codos"
"http://opendata.aragon.es/recurso/territorio/Municipio/Codo","Codo"
"http://opendata.aragon.es/recurso/territorio/Municipio/Clarés_de_Ribota","Clarés de Ribota"
"http://opendata.aragon.es/recurso/territorio/Municipio/Cuarte_de_Huerva","Cuarte de Huerva"
"http://opendata.aragon.es/recurso/territorio/Municipio/Cosuenda","Cosuenda"
"http://opendata.aragon.es/recurso/territorio/Municipio/Contamina","Contamina"
"http://opendata.aragon.es/recurso/territorio/Municipio/Chiprana","Chiprana"
"http://opendata.aragon.es/recurso/territorio/Municipio/Cuerlas_(Las)","Las Cuerlas"
"http://opendata.aragon.es/recurso/territorio/Municipio/Cubel","Cubel"
"http://opendata.aragon.es/recurso/territorio/Municipio/Embid_de_Ariza","Embid de Ariza"
"http://opendata.aragon.es/recurso/territorio/Municipio/Ejea_de_los_Caballeros","Ejea de los Caballeros"
"http://opendata.aragon.es/recurso/territorio/Municipio/Daroca","Daroca"
"http://opendata.aragon.es/recurso/territorio/Municipio/Chodes","Chodes"
"http://opendata.aragon.es/recurso/territorio/Municipio/Erla","Erla"
"http://opendata.aragon.es/recurso/territorio/Municipio/Épila","Épila"
"http://opendata.aragon.es/recurso/territorio/Municipio/Encinacorba","Encinacorba"
"http://opendata.aragon.es/recurso/territorio/Municipio/Farlete","Farlete"
"http://opendata.aragon.es/recurso/territorio/Municipio/Fabara","Fabara"
"http://opendata.aragon.es/recurso/territorio/Municipio/Figueruelas","Figueruelas"
"http://opendata.aragon.es/recurso/territorio/Municipio/Escatrón","Escatrón"
"http://opendata.aragon.es/recurso/territorio/Municipio/Fombuena","Fombuena"
"http://opendata.aragon.es/recurso/territorio/Municipio/Fayos_(Los)","Los Fayos"
"http://opendata.aragon.es/recurso/territorio/Municipio/Fayón","Fayón"
"http://opendata.aragon.es/recurso/territorio/Municipio/Fuendejalón","Fuendejalón"
"http://opendata.aragon.es/recurso/territorio/Municipio/Fréscano","Fréscano"
"http://opendata.aragon.es/recurso/territorio/Municipio/Frasno_(El)","El Frasno"
"http://opendata.aragon.es/recurso/territorio/Municipio/Frago_(El)","El Frago"
"http://opendata.aragon.es/recurso/territorio/Municipio/Fuentes_de_Jiloca","Fuentes de Jiloca"
"http://opendata.aragon.es/recurso/territorio/Municipio/Fuentes_de_Ebro","Fuentes de Ebro"
"http://opendata.aragon.es/recurso/territorio/Municipio/Fuendetodos","Fuendetodos"
"http://opendata.aragon.es/recurso/territorio/Municipio/Godojos","Godojos"
"http://opendata.aragon.es/recurso/territorio/Municipio/Gelsa","Gelsa"
"http://opendata.aragon.es/recurso/territorio/Municipio/Gallur","Gallur"
"http://opendata.aragon.es/recurso/territorio/Municipio/Gallocanta","Gallocanta"
"http://opendata.aragon.es/recurso/territorio/Municipio/Grisén","Grisén"
"http://opendata.aragon.es/recurso/territorio/Municipio/Grisel","Grisel"
"http://opendata.aragon.es/recurso/territorio/Municipio/Gotor","Gotor"
"http://opendata.aragon.es/recurso/territorio/Municipio/Isuerre","Isuerre"
"http://opendata.aragon.es/recurso/territorio/Municipio/Illueca","Illueca"
"http://opendata.aragon.es/recurso/territorio/Municipio/Ibdes","Ibdes"
"http://opendata.aragon.es/recurso/territorio/Municipio/Herrera_de_los_Navarros","Herrera de los Navarros"
"http://opendata.aragon.es/recurso/territorio/Municipio/Joyosa_(La)","La Joyosa"
"http://opendata.aragon.es/recurso/territorio/Municipio/Jaulín","Jaulín"
"http://opendata.aragon.es/recurso/territorio/Municipio/Jarque","Jarque"
"http://opendata.aragon.es/recurso/territorio/Municipio/Jaraba","Jaraba"
"http://opendata.aragon.es/recurso/territorio/Municipio/Layana","Layana"
"http://opendata.aragon.es/recurso/territorio/Municipio/Langa_del_Castillo","Langa del Castillo"
"http://opendata.aragon.es/recurso/territorio/Municipio/Lagata","Lagata"
"http://opendata.aragon.es/recurso/territorio/Municipio/Lechón","Lechón"
"http://opendata.aragon.es/recurso/territorio/Municipio/Litago","Litago"
"http://opendata.aragon.es/recurso/territorio/Municipio/Leciñena","Leciñena"
"http://opendata.aragon.es/recurso/territorio/Municipio/Lécera","Lécera"
"http://opendata.aragon.es/recurso/territorio/Municipio/Longares","Longares"
"http://opendata.aragon.es/recurso/territorio/Municipio/Lobera_de_Onsella","Lobera de Onsella"
"http://opendata.aragon.es/recurso/territorio/Municipio/Lituénigo","Lituénigo"
"http://opendata.aragon.es/recurso/territorio/Municipio/Letux","Letux"
"http://opendata.aragon.es/recurso/territorio/Municipio/Luesia","Luesia"
"http://opendata.aragon.es/recurso/territorio/Municipio/Luceni","Luceni"
"http://opendata.aragon.es/recurso/territorio/Municipio/Lucena_de_Jalón","Lucena de Jalón"
"http://opendata.aragon.es/recurso/territorio/Municipio/Longás","Longás"
"http://opendata.aragon.es/recurso/territorio/Municipio/Maella","Maella"
"http://opendata.aragon.es/recurso/territorio/Municipio/Luna","Luna"
"http://opendata.aragon.es/recurso/territorio/Municipio/Lumpiaque","Lumpiaque"
"http://opendata.aragon.es/recurso/territorio/Municipio/Luesma","Luesma"
"http://opendata.aragon.es/recurso/territorio/Municipio/Maleján","Maleján"
"http://opendata.aragon.es/recurso/territorio/Municipio/Malanquilla","Malanquilla"
"http://opendata.aragon.es/recurso/territorio/Municipio/Maluenda","Maluenda"
"http://opendata.aragon.es/recurso/territorio/Municipio/Mainar","Mainar"
"http://opendata.aragon.es/recurso/territorio/Municipio/Magallón","Magallón"
"http://opendata.aragon.es/recurso/territorio/Municipio/Mara","Mara"
"http://opendata.aragon.es/recurso/territorio/Municipio/Manchones","Manchones"
"http://opendata.aragon.es/recurso/territorio/Municipio/Mallén","Mallén"
"http://opendata.aragon.es/recurso/territorio/Municipio/Malón","Malón"
"http://opendata.aragon.es/recurso/territorio/Municipio/Mequinenza","Mequinenza"
"http://opendata.aragon.es/recurso/territorio/Municipio/Mediana_de_Aragón","Mediana de Aragón"
"http://opendata.aragon.es/recurso/territorio/Municipio/María_de_Huerva","María de Huerva"
"http://opendata.aragon.es/recurso/territorio/Municipio/Miedes_de_Aragón","Miedes de Aragón"
"http://opendata.aragon.es/recurso/territorio/Municipio/Mezalocha","Mezalocha"
"http://opendata.aragon.es/recurso/territorio/Municipio/Mianos","Mianos"
"http://opendata.aragon.es/recurso/territorio/Municipio/Mesones_de_Isuela","Mesones de Isuela"
"http://opendata.aragon.es/recurso/territorio/Municipio/Monterde","Monterde"
"http://opendata.aragon.es/recurso/territorio/Municipio/Monreal_de_Ariza","Monreal de Ariza"
"http://opendata.aragon.es/recurso/territorio/Municipio/Moneva","Moneva"
"http://opendata.aragon.es/recurso/territorio/Municipio/Monegrillo","Monegrillo"
"http://opendata.aragon.es/recurso/territorio/Municipio/Morés","Morés"
"http://opendata.aragon.es/recurso/territorio/Municipio/Morata_de_Jiloca","Morata de Jiloca"
"http://opendata.aragon.es/recurso/territorio/Municipio/Morata_de_Jalón","Morata de Jalón"
"http://opendata.aragon.es/recurso/territorio/Municipio/Montón","Montón"
"http://opendata.aragon.es/recurso/territorio/Municipio/Muel","Muel"
"http://opendata.aragon.es/recurso/territorio/Municipio/Mozota","Mozota"
"http://opendata.aragon.es/recurso/territorio/Municipio/Moyuela","Moyuela"
"http://opendata.aragon.es/recurso/territorio/Municipio/Moros","Moros"
"http://opendata.aragon.es/recurso/territorio/Municipio/Murero","Murero"
"http://opendata.aragon.es/recurso/territorio/Municipio/Murillo_de_Gállego","Murillo de Gállego"
"http://opendata.aragon.es/recurso/territorio/Municipio/Munébrega","Munébrega"
"http://opendata.aragon.es/recurso/territorio/Municipio/Muela_(La)","La Muela"
"http://opendata.aragon.es/recurso/territorio/Municipio/Nonaspe","Nonaspe"
"http://opendata.aragon.es/recurso/territorio/Municipio/Novallas","Novallas"
"http://opendata.aragon.es/recurso/territorio/Municipio/Nombrevilla","Nombrevilla"
"http://opendata.aragon.es/recurso/territorio/Municipio/Nigüella","Nigüella"
"http://opendata.aragon.es/recurso/territorio/Municipio/Navardún","Navardún"
"http://opendata.aragon.es/recurso/territorio/Municipio/Olvés","Olvés"
"http://opendata.aragon.es/recurso/territorio/Municipio/Orcajo","Orcajo"
"http://opendata.aragon.es/recurso/territorio/Municipio/Nuez_de_Ebro","Nuez de Ebro"
"http://opendata.aragon.es/recurso/territorio/Municipio/Nuévalos","Nuévalos"
"http://opendata.aragon.es/recurso/territorio/Municipio/Novillas","Novillas"
"http://opendata.aragon.es/recurso/territorio/Municipio/Osera_de_Ebro","Osera de Ebro"
"http://opendata.aragon.es/recurso/territorio/Municipio/Oseja","Oseja"
"http://opendata.aragon.es/recurso/territorio/Municipio/Orés","Orés"
"http://opendata.aragon.es/recurso/territorio/Municipio/Orera","Orera"
"http://opendata.aragon.es/recurso/territorio/Municipio/Pastriz","Pastriz"
"http://opendata.aragon.es/recurso/territorio/Municipio/Paracuellos_de_la_Ribera","Paracuellos de la Ribera"
"http://opendata.aragon.es/recurso/territorio/Municipio/Paracuellos_de_Jiloca","Paracuellos de Jiloca"
"http://opendata.aragon.es/recurso/territorio/Municipio/Paniza","Paniza"
"http://opendata.aragon.es/recurso/territorio/Municipio/Piedratajada","Piedratajada"
"http://opendata.aragon.es/recurso/territorio/Municipio/Perdiguera","Perdiguera"
"http://opendata.aragon.es/recurso/territorio/Municipio/Pedrosas_(Las)","Las Pedrosas"
"http://opendata.aragon.es/recurso/territorio/Municipio/Pedrola","Pedrola"
"http://opendata.aragon.es/recurso/territorio/Municipio/Plasencia_de_Jalón","Plasencia de Jalón"
"http://opendata.aragon.es/recurso/territorio/Municipio/Pintanos_(Los)","Los Pintanos"
"http://opendata.aragon.es/recurso/territorio/Municipio/Pinseque","Pinseque"
"http://opendata.aragon.es/recurso/territorio/Municipio/Pina_de_Ebro","Pina de Ebro"
"http://opendata.aragon.es/recurso/territorio/Municipio/Pozuel_de_Ariza","Pozuel de Ariza"
"http://opendata.aragon.es/recurso/territorio/Municipio/Pomer","Pomer"
"http://opendata.aragon.es/recurso/territorio/Municipio/Plenas","Plenas"
"http://opendata.aragon.es/recurso/territorio/Municipio/Pleitas","Pleitas"
"http://opendata.aragon.es/recurso/territorio/Municipio/Puebla_de_Alfindén_(La)","La Puebla de Alfindén"
"http://opendata.aragon.es/recurso/territorio/Municipio/Puebla_de_Albortón","Puebla de Albortón"
"http://opendata.aragon.es/recurso/territorio/Municipio/Pradilla_de_Ebro","Pradilla de Ebro"
"http://opendata.aragon.es/recurso/territorio/Municipio/Pozuelo_de_Aragón","Pozuelo de Aragón"
"http://opendata.aragon.es/recurso/territorio/Municipio/Retascón","Retascón"
"http://opendata.aragon.es/recurso/territorio/Municipio/Remolinos","Remolinos"
"http://opendata.aragon.es/recurso/territorio/Municipio/Quinto","Quinto"
"http://opendata.aragon.es/recurso/territorio/Municipio/Purujosa","Purujosa"
"http://opendata.aragon.es/recurso/territorio/Municipio/Puendeluna","Puendeluna"
"http://opendata.aragon.es/recurso/territorio/Municipio/Ruesca","Ruesca"
"http://opendata.aragon.es/recurso/territorio/Municipio/Rueda_de_Jalón","Rueda de Jalón"
"http://opendata.aragon.es/recurso/territorio/Municipio/Romanos","Romanos"
"http://opendata.aragon.es/recurso/territorio/Municipio/Ricla","Ricla"
"http://opendata.aragon.es/recurso/territorio/Municipio/Samper_del_Salz","Samper del Salz"
"http://opendata.aragon.es/recurso/territorio/Municipio/Salvatierra_de_Esca","Salvatierra de Esca"
"http://opendata.aragon.es/recurso/territorio/Municipio/Salillas_de_Jalón","Salillas de Jalón"
"http://opendata.aragon.es/recurso/territorio/Municipio/Sádaba","Sádaba"
"http://opendata.aragon.es/recurso/territorio/Municipio/Santa_Cruz_de_Moncayo","Santa Cruz de Moncayo"
"http://opendata.aragon.es/recurso/territorio/Municipio/Santa_Cruz_de_Grío","Santa Cruz de Grío"
"http://opendata.aragon.es/recurso/territorio/Municipio/San_Mateo_de_Gállego","San Mateo de Gállego"
"http://opendata.aragon.es/recurso/territorio/Municipio/San_Martín_de_la_Virgen_de_Moncayo","San Martín de la Virgen de Moncayo"
"http://opendata.aragon.es/recurso/territorio/Municipio/Sediles","Sediles"
"http://opendata.aragon.es/recurso/territorio/Municipio/Saviñán","Saviñán"
"http://opendata.aragon.es/recurso/territorio/Municipio/Sástago","Sástago"
"http://opendata.aragon.es/recurso/territorio/Municipio/Santed","Santed"
"http://opendata.aragon.es/recurso/territorio/Municipio/Santa_Eulalia_de_Gállego","Santa Eulalia de Gállego"
"http://opendata.aragon.es/recurso/territorio/Municipio/Sisamón","Sisamón"
"http://opendata.aragon.es/recurso/territorio/Municipio/Sobradiel","Sobradiel"
"http://opendata.aragon.es/recurso/territorio/Municipio/Sigüés","Sigüés"
"http://opendata.aragon.es/recurso/territorio/Municipio/Sierra_de_Luna","Sierra de Luna"
"http://opendata.aragon.es/recurso/territorio/Municipio/Sestrica","Sestrica"
"http://opendata.aragon.es/recurso/territorio/Municipio/Tarazona","Tarazona"
"http://opendata.aragon.es/recurso/territorio/Municipio/Talamantes","Talamantes"
"http://opendata.aragon.es/recurso/territorio/Municipio/Tabuenca","Tabuenca"
"http://opendata.aragon.es/recurso/territorio/Municipio/Sos_del_Rey_Católico","Sos del Rey Católico"
"http://opendata.aragon.es/recurso/territorio/Municipio/Torralba_de_los_Frailes","Torralba de los Frailes"
"http://opendata.aragon.es/recurso/territorio/Municipio/Tobed","Tobed"
"http://opendata.aragon.es/recurso/territorio/Municipio/Tierga","Tierga"
"http://opendata.aragon.es/recurso/territorio/Municipio/Terrer","Terrer"
"http://opendata.aragon.es/recurso/territorio/Municipio/Tauste","Tauste"
"http://opendata.aragon.es/recurso/territorio/Municipio/Torrelapaja","Torrelapaja"
"http://opendata.aragon.es/recurso/territorio/Municipio/Torrehermosa","Torrehermosa"
"http://opendata.aragon.es/recurso/territorio/Municipio/Torralbilla","Torralbilla"
"http://opendata.aragon.es/recurso/territorio/Municipio/Torralba_de_Ribota","Torralba de Ribota"
"http://opendata.aragon.es/recurso/territorio/Municipio/Tosos","Tosos"
"http://opendata.aragon.es/recurso/territorio/Municipio/Torrijo_de_la_Cañada","Torrijo de la Cañada"
"http://opendata.aragon.es/recurso/territorio/Municipio/Torres_de_Berrellén","Torres de Berrellén"
"http://opendata.aragon.es/recurso/territorio/Municipio/Torrellas","Torrellas"
"http://opendata.aragon.es/recurso/territorio/Municipio/Undués_de_Lerda","Undués de Lerda"
"http://opendata.aragon.es/recurso/territorio/Municipio/Trasobares","Trasobares"
"http://opendata.aragon.es/recurso/territorio/Municipio/Uncastillo","Uncastillo"
"http://opendata.aragon.es/recurso/territorio/Municipio/Trasmoz","Trasmoz"
"http://opendata.aragon.es/recurso/territorio/Municipio/Utebo","Utebo"
"http://opendata.aragon.es/recurso/territorio/Municipio/Used","Used"
"http://opendata.aragon.es/recurso/territorio/Municipio/Urriés","Urriés"
"http://opendata.aragon.es/recurso/territorio/Municipio/Urrea_de_Jalón","Urrea de Jalón"
"http://opendata.aragon.es/recurso/territorio/Municipio/Valpalmas","Valpalmas"
"http://opendata.aragon.es/recurso/territorio/Municipio/Valtorres","Valtorres"
"http://opendata.aragon.es/recurso/territorio/Municipio/Valmadrid","Valmadrid"
"http://opendata.aragon.es/recurso/territorio/Municipio/Val_de_San_Martín","Val de San Martín"
"http://opendata.aragon.es/recurso/territorio/Municipio/Valdehorna","Valdehorna"
"http://opendata.aragon.es/recurso/territorio/Municipio/Vierlas","Vierlas"
"http://opendata.aragon.es/recurso/territorio/Municipio/Vera_de_Moncayo","Vera de Moncayo"
"http://opendata.aragon.es/recurso/territorio/Municipio/Velilla_de_Jiloca","Velilla de Jiloca"
"http://opendata.aragon.es/recurso/territorio/Municipio/Velilla_de_Ebro","Velilla de Ebro"
"http://opendata.aragon.es/recurso/territorio/Municipio/Villafranca_de_Ebro","Villafranca de Ebro"
"http://opendata.aragon.es/recurso/territorio/Municipio/Villafeliche","Villafeliche"
"http://opendata.aragon.es/recurso/territorio/Municipio/Villadoz","Villadoz"
"http://opendata.aragon.es/recurso/territorio/Municipio/Vilueña_(La)","La Vilueña"
"http://opendata.aragon.es/recurso/territorio/Municipio/Villanueva_de_Jiloca","Villanueva de Jiloca"
"http://opendata.aragon.es/recurso/territorio/Municipio/Villanueva_de_Gállego","Villanueva de Gállego"
"http://opendata.aragon.es/recurso/territorio/Municipio/Villalengua","Villalengua"
"http://opendata.aragon.es/recurso/territorio/Municipio/Villalba_de_Perejil","Villalba de Perejil"
"http://opendata.aragon.es/recurso/territorio/Municipio/Villarroya_de_la_Sierra","Villarroya de la Sierra"
"http://opendata.aragon.es/recurso/territorio/Municipio/Villarreal_de_Huerva","Villarreal de Huerva"
"http://opendata.aragon.es/recurso/territorio/Municipio/Villar_de_los_Navarros","Villar de los Navarros"
"http://opendata.aragon.es/recurso/territorio/Municipio/Villanueva_de_Huerva","Villanueva de Huerva"
"http://opendata.aragon.es/recurso/territorio/Municipio/Zaragoza","Zaragoza"
"http://opendata.aragon.es/recurso/territorio/Municipio/Zaida_(La)","La Zaida"
"http://opendata.aragon.es/recurso/territorio/Municipio/Vistabella","Vistabella"
"http://opendata.aragon.es/recurso/territorio/Municipio/Villarroya_del_Campo","Villarroya del Campo"
"http://opendata.aragon.es/recurso/territorio/Municipio/Villamayor_de_Gállego","Villamayor de Gállego"
"http://opendata.aragon.es/recurso/territorio/Municipio/Marracos","Marracos"
"http://opendata.aragon.es/recurso/territorio/Municipio/Biel","Biel"
"http://opendata.aragon.es/recurso/territorio/Municipio/Zuera","Zuera"
  ]
]